Latitude,Longitude,landslide
24.478972,92.682861,1
24.511306,92.693028,1
24.515944,92.540889,1
24.57025,92.685,1
24.62,92.84,1
24.64,92.98,1
24.645417,93.005361,1
24.659389,92.497361,1
24.70364,92.64681,1
24.70656,92.65008,1
24.710833,92.481167,1
24.72192,92.90381,1
24.73117,92.64739,1
24.78002778,92.45372222,1
24.78380556,92.45563889,1
24.79489,92.55506,1
24.92097,93.07306,1
24.95,92.73,1
24.97,92.72,1
24.99,92.45,1
25.008,93.04,1
25.02,92.52,1
25.02,92.52,1
25.029708,92.463967,1
25.031431,92.463231,1
25.032119,92.462636,1
25.032989,92.462214,1
25.037203,92.450339,1
25.121,92.915028,1
25.122,93.025,1
25.122,93.026,1
25.123,93.034,1
25.123,93.033,1
25.124306,92.904278,1
25.124583,92.989111,1
25.134,93.045,1
25.134472,93.018972,1
25.135,93.04,1
25.135,93.04,1
25.136,93.04,1
25.137,93.04,1
25.137,93.034,1
25.137,93.04,1
25.137,93.018,1
25.139,93.025,1
25.139,93.04,1
25.139611,93.019556,1
25.14,93.3,1
25.140417,93.020389,1
25.142,93.04,1
25.142,93.04,1
25.14525,93.029167,1
25.145861,93.024194,1
25.146306,93.942167,1
25.146778,93.030972,1
25.148722,93.031917,1
25.150694,93.025833,1
25.155,93.067,1
25.155,93.067,1
25.155,93.073,1
25.155611,93.022222,1
25.155722,93.022778,1
25.156,93.018,1
25.156389,93.018389,1
25.156583,93.019611,1
25.156694,93.017667,1
25.157,93.062,1
25.157,93.066,1
25.157139,93.017194,1
25.157361,93.016083,1
25.159333,93.017,1
25.163444,93.023167,1
25.164,93.040194,1
25.165639,93.025444,1
25.171889,93.003944,1
25.175056,93.020417,1
25.175972,93.020167,1
25.176389,93.116139,1
25.176917,93.026556,1
25.177028,93.020889,1
25.1775,93.026222,1
25.179861,93.070778,1
25.184528,93.125639,1
25.186,93.104,1
25.18725,93.120556,1
25.188,93.066,1
25.188444,93.019667,1
25.189556,93.096417,1
25.193083,93.120417,1
25.196694,93.018583,1
25.199722,93.016722,1
25.201,93.122,1
25.204556,93.138889,1
25.205528,93.020139,1
25.206,93.126,1
25.207389,93.122778,1
25.208,93.121,1
25.21,93.31,1
25.214944,93.021611,1
25.216944,93.011361,1
25.2185,93.013111,1
25.224278,93.222861,1
25.229556,93.1556,1
25.23,93.29,1
25.242,93.14,1
25.417333,93.129083,1
25.42,93.002,1
25.424,93.0,1
25.50669,93.10536,1
25.61092,93.09178,1
25.64897,93.12083,1
25.65167,93.12083,1
25.65792,93.11811,1
25.65839,93.11808,1
25.67153,93.11522,1
25.72486,93.131083,1
25.72561,93.13075,1
25.809417,92.474833,1
25.81756,93.10886,1
25.84,91.35,1
25.91,91.4,1
25.946611,92.305361,1
25.95,91.28,1
25.96667,92.356917,1
25.977194,92.354778,1
26.012,92.264167,1
26.013528,92.266083,1
26.022833,92.274028,1
26.030972,92.474139,1
26.031528,92.472778,1
26.031583,92.47375,1
26.033556,92.468056,1
26.035278,92.470861,1
26.039194,92.4595,1
26.043583,92.440528,1
26.043583,92.452222,1
26.043611,92.440944,1
26.043722,92.441472,1
26.045472,92.457417,1
26.048611,92.432194,1
26.098167,91.881278,1
26.101333,92.440556,1
26.102167,92.440472,1
26.102333,92.4415,1
26.102667,92.441639,1
26.103028,92.440889,1
26.10725,92.44,1
26.108417,92.440222,1
26.11,94.76,1
26.110139,92.439333,1
26.112667,91.853889,1
26.113639,92.441222,1
26.116972,92.440083,1
26.117111,92.441028,1
26.117417,92.438667,1
26.118167,92.440944,1
26.119417,92.439972,1
26.1505375,91.72798139,1
26.15428,91.79264,1
26.172917,92.762778,1
26.1755,91.76175,1
26.17672,91.76525,1
26.17756,91.76589,1
26.18842,91.85125,1
26.1895,91.787167,1
26.190389,91.809944,1
26.19081,91.84528,1
26.192444,91.764222,1
26.195306,91.765639,1
26.195528,91.780556,1
26.19622,91.76336,1
26.20261,91.14528,1
26.20536,91.86497,1
26.37456,91.84561,1
26.54,94.37,1
26.54,94.37,1
26.54,94.37,1
26.55,94.36,1
26.55,94.36,1
26.55,94.36,1
26.55,94.36,1
26.56,94.36,1
26.56,94.36,1
26.56,94.36,1
26.6,94.35,1
26.6,94.35,1
26.88969,92.12266,1
26.89074,92.12068,1
26.11464,91.83886,1
26.19044,91.77502,1
24.57257,92.70357,1
24.57235,92.70536,1
24.58585,92.70274,1
24.96756,92.74392,1
24.95794,92.73201,1
24.95054,92.731458,1
24.94756,92.73097,1
25.16736,93.00953,1
25.16023,93.01084,1
25.162389,93.010222,1
25.1625278,93.0103333,1
25.162472,93.01044,1
25.17175,93.00726,1
25.16649,93.01092,1
25.170194,93.007389,1
25.17144,93.005694,1
25.16579,93.00948,1
25.15859,93.01292,1
26.13441667,91.74875,1
26.10711111,91.78916667,1
26.09961111,91.87811111,1
26.14944444,91.748,1
25.15556,93.021583,1
25.156483,93.018367,1
25.158138,93.024778,1
25.24194444,93.14319444,1
25.41733333,93.12908333,1
25.17044,93.025325,1
25.171264,93.020014,1
25.16804,93.02503,1
25.178006,93.022825,1
25.168083,93.024922,1
25.27480556,93.14555556,1
25.18955556,93.09641667,1
25.1638056,93.010861,1
25.175,93.01967,1
26.19552778,91.78055556,1
25.17483,93.019861,1
25.1568056,93.019722,1
25.156833,93.017694,1
25.1565,93.0151,1
25.15667,93.01275,1
25.16367,93.02478,1
25.16649,93.02289,1
25.16497,93.02275,1
25.1655,93.02556,1
25.16427,92.99788,1
25.17425,93.00244,1
25.162667,93.009806,1
25.16553,93.02172,1
25.17986111,93.07077778,1
25.14677778,93.03097222,1
25.15561111,93.02222222,1
25.15658333,93.01961111,1
25.15713889,93.01719444,1
25.164,93.04019444,1
25.10638889,92.86480556,1
25.10941667,92.88075,1
25.10988889,92.89316667,1
25.10877778,92.92033333,1
25.10897222,92.92886111,1
25.11011111,92.99877778,1
25.11077778,93.00458333,1
25.11238889,93.00575,1
25.14872222,93.03191667,1
25.14525,93.02916667,1
25.15572222,93.02277778,1
25.23230556,93.03333333,1
26.21083333,91.68944444,1
25.14264,93.03182,1
25.143408,93.02995,1
25.14879,93.031636,1
25.15144,93.0331,1
25.15669444,93.01766667,1
25.20552778,93.02013889,1
25.24597222,93.02827778,1
25.21494444,93.02161111,1
25.2185,93.01311111,1
25.21694444,93.01136111,1
26.19052,91.77499,1
25.15933333,93.017,1
25.23925,93.03152778,1
25.23297222,93.03325,1
25.15638889,93.01838889,1
25.15736111,93.01608333,1
25.23880556,93.03219444,1
25.19669444,93.01858333,1
25.18844444,93.01966667,1
25.20738889,93.12277778,1
25.17597222,93.02016667,1
25.17505556,93.02041667,1
25.17188889,93.02061111,1
25.16563889,93.02544444,1
25.16344444,93.02316667,1
25.15069444,93.02583333,1
25.14586111,93.02419444,1
25.14041667,93.02038889,1
25.13961111,93.01955556,1
26.150124,91.727915,1
25.18452778,93.12563889,1
25.17638889,93.11613889,1
25.1775,93.02622222,1
25.17691667,93.02655556,1
25.17702778,93.02088889,1
25.19308333,93.12041667,1
25.13447222,93.01897222,1
26.18841667,91.85125,1
26.19244444,91.76422222,1
26.19236111,91.78080556,1
26.15805556,91.71258333,1
26.1755,91.76175,1
26.19038889,91.80994444,1
26.18866667,91.76694444,1
25.91286,92.49797,1
26.19622222,91.76336111,1
25.96664,92.51636,1
25.967,92.51617,1
25.96458,92.52081,1
25.96886,92.51572,1
25.97461,92.51375,1
25.97664,92.51283,1
25.98214,92.51139,1
25.91608,92.50203,1
25.92153,92.50753,1
25.92525,92.51031,1
25.91936,92.50556,1
25.92103,92.50708,1
25.92233,92.50819,1
25.924,92.50939,1
25.95825,92.51414,1
25.96403,92.51631,1
25.91406,92.49897,1
25.91422,92.49972,1
25.95478,92.51386,1
25.95317,92.51353,1
26.10591667,91.62283333,1
26.11464,91.83886,1
25.32069444,93.12733333,1
26.17755556,91.76588889,1
26.17672222,91.76525,1
26.15427778,91.79263889,1
26.15477778,91.77411111,1
26.17672222,91.78672222,1
26.1895,91.78716667,1
25.40586111,93.11097222,1
25.39155556,93.11316667,1
26.11266667,91.85388889,1
24.92097,93.07306,1
26.19530556,91.76563889,1
26.21111111,91.68416667,1
26.19330556,91.77725,1
26.09150556,91.87898611,1
26.21305556,91.6925,1
26.1916,91.80361,1
26.19322,91.77033,1
26.18789,91.79493,1
25.17136,93.01102,1
25.169861,93.002528,1
25.18972,93.02011,1
25.18625,93.01629,1
25.177416,93.00975,1
25.2316944,93.1614167,1
25.18919,93.02118,1
24.70619444,92.28997222,1
25.17623,93.01326,1
26.15958333,91.72388889,1
26.15166667,91.73138889,1
26.15544444,91.679,1
25.10727778,92.88313889,1
25.10622222,92.8845,1
26.14988889,91.77394444,1
26.10891667,91.74175,1
26.12911111,91.74911111,1
26.15333333,91.77711111,1
26.15052778,91.72766667,1
26.16405556,91.72827778,1
26.19113889,91.82961111,1
26.158193,91.755807,1
26.166185,91.7147,1
26.16616,91.713803,1
26.16297,91.7059,1
26.17027,91.698,1
25.117665,92.847709,1
25.283672,93.301012,1
25.366255,92.823037,1
25.316197,93.006158,1
25.172918,92.995982,1
25.319717,93.123028,1
25.318433,93.115767,1
25.22548,93.023783,1
25.18846,93.003768,1
25.20006,92.9972,1
25.19509,92.9995,1
25.199617,92.997478,1
25.18833,93.104922,1
25.147883,93.085354,1
25.211625,93.00113,1
25.21112,92.999782,1
25.267553,93.191317,1
25.266788,93.190998,1
25.26676,93.1964,1
25.266142,93.197997,1
25.265743,93.21778,1
25.757752,91.252285,1
26.238016,91.945953,1
25.872268,91.213965,1
26.2272613,91.6922458,1
26.184324,91.855395,1
26.24698,91.964383,1
26.11956,92.052125,1
25.69814,93.129423,1
25.648512,93.121528,1
25.388977,93.121008,1
25.740148,91.224044,1
25.341478,93.133718,1
25.888959,92.61669,1
25.890032,92.621245,1
26.156633,91.938576,1
26.1445,91.7362,1
27.018342,92.6356,1
27.03106,93.62292,1
27.035278,92.610556,1
27.06658,92.59572,1
27.078472,93.605639,1
27.08130556,93.61283333,1
27.086667,92.585278,1
27.091139,93.615667,1
27.093889,92.591389,1
27.095278,93.615694,1
27.101111,93.619222,1
27.10375,93.61529,1
27.105556,93.699722,1
27.106472,93.663889,1
27.10736,93.64975,1
27.112222,93.694444,1
27.124444,93.742222,1
27.1275,93.73164,1
27.1275,93.73164,1
27.193425,93.780983,1
27.207659,93.615842,1
27.23995,93.806589,1
27.246131,93.804711,1
27.254756,93.801303,1
27.294886,93.803328,1
27.307072,93.806008,1
27.339267,93.802581,1
27.345556,92.266389,1
27.460278,92.110278,1
27.512278,91.875556,1
27.08130556,93.61283333,1
28.14116,95.27472,1
28.14251,95.27439,1
27.03106,93.62292,1
27.58741667,91.88694444,1
27.58741667,91.88694444,1
27.59152778,91.88044444,1
27.50994444,91.85486111,1
27.561083,91.911528,1
27.579,91.868639,1
27.58006,91.97728,1
27.586694,91.871444,1
27.587417,91.886944,1
27.587417,91.886944,1
27.587611,91.894167,1
27.589,91.873194,1
27.58925,91.795667,1
27.589417,91.861444,1
27.589889,91.881194,1
27.590556,91.867667,1
27.590639,91.876806,1
27.590639,91.876806,1
27.591389,91.9025,1
27.591528,91.880444,1
27.591806,91.865028,1
27.591833,91.865056,1
27.592639,91.867528,1
27.592667,91.866222,1
27.593139,91.873889,1
27.593361,91.879444,1
27.594833,91.866417,1
27.594861,91.866444,1
27.595167,91.895444,1
27.596278,91.894333,1
27.596639,91.878972,1
27.596639,91.878972,1
27.599,91.876528,1
27.599806,91.876111,1
27.690111,93.632556,1
27.87469,96.35986,1
27.87825,96.36614,1
27.89311,96.36336,1
27.90417,96.35869,1
27.90467,96.35917,1
27.90475,96.34811,1
27.90581,96.35933,1
27.90664,96.35964,1
27.90772,96.34517,1
27.90814,96.36028,1
27.91164,96.34269,1
27.91636,96.33392,1
27.91647,96.33161,1
27.91669,96.33833,1
27.91886,96.33156,1
27.91897,96.33108,1
27.93967,96.38097,1
27.94083,96.38161,1
27.94903,96.39158,1
27.95603,96.40267,1
27.95672,96.39697,1
27.95964,96.40178,1
27.96325,96.40097,1
27.96756,96.40189,1
27.96756,96.40214,1
27.968,96.39822,1
27.98333,96.40433,1
27.98728,96.41208,1
27.98747,96.41133,1
28.00611,96.42872,1
28.01661,96.44172,1
28.01781,96.44275,1
28.01992,96.443,1
28.05939,96.48397,1
28.05989,96.46281,1
28.05989,96.46281,1
28.05997,96.48664,1
28.06006,96.44636,1
28.06131,96.49256,1
28.06244,96.49775,1
28.063,96.49914,1
28.06356,96.50075,1
28.06964,96.50025,1
28.08014,96.52356,1
28.08019,96.54483,1
28.08061,96.51294,1
28.09311,96.53622,1
28.10714,96.54489,1
28.11142,96.54528,1
28.11594,96.54689,1
28.11781,96.54906,1
28.14116,95.27472,1
28.14251,95.27439,1
28.14531,96.54897,1
28.15292,96.53858,1
28.16206,96.53061,1
28.16939,96.52578,1
28.18439,96.53453,1
28.18525,96.53256,1
28.19597,96.53733,1
28.20867,96.53222,1
28.21483,96.53911,1
28.22328,96.55303,1
28.22381,96.53644,1
28.22408,96.55872,1
28.22797,96.54606,1
28.23153,96.54272,1
28.23969,96.52778,1
28.25203,96.54264,1
28.25897,96.54433,1
28.2625,96.5465,1
28.26522,96.57889,1
28.26786,96.55781,1
28.26814,96.55728,1
28.27378,96.57031,1
28.28386,96.58275,1
28.28778,96.57928,1
28.31211,96.61719,1
28.31658,96.61508,1
28.38919722,95.92776111,1
27.105253,93.825399,1
27.121136,93.762164,1
27.121136,93.762164,1
28.38919722,95.92776111,1
27.099285,93.614766,1
27.715081,94.692035,1
22.873558,92.755953,1
23.95,94.07,1
23.95,94.07,1
23.95,94.06,1
23.95,94.06,1
23.96,94.06,1
23.96,94.06,1
23.97,93.95,1
23.97,94.04,1
23.98,94.02,1
23.98,94.03,1
23.98,94.03,1
23.98,94.03,1
23.98,94.03,1
23.98,94.02,1
23.99,93.94,1
23.99,93.94,1
23.99,94.04,1
23.99,94.0,1
24.0,93.97,1
24.0,93.98,1
24.0,93.99,1
24.0,94.0,1
24.0,93.82,1
24.0,94.0,1
24.01,93.96,1
24.01,93.97,1
24.01,93.98,1
24.01,93.99,1
24.01,93.97,1
24.01,93.97,1
24.02,93.97,1
24.03,93.81,1
24.04,94.08,1
24.05,94.07,1
24.05,94.07,1
24.05,94.07,1
24.06,94.05,1
24.06,94.04,1
24.06,94.02,1
24.06,94.03,1
24.07,94.03,1
24.08,93.89,1
24.08,94.03,1
24.09,93.9,1
24.09,93.91,1
24.09,94.02,1
24.09,94.02,1
24.09,94.02,1
24.09,94.02,1
24.09,94.15,1
24.09,94.15,1
24.09,94.03,1
24.09,94.04,1
24.09,94.03,1
24.09,94.04,1
24.09,94.04,1
24.09,94.04,1
24.09,94.02,1
24.09,94.04,1
24.09,94.02,1
24.09,94.03,1
24.1,93.96,1
24.1,93.9,1
24.1,93.95,1
24.1,94.04,1
24.1,94.02,1
24.1,94.03,1
24.1,94.03,1
24.1,94.03,1
24.1,94.03,1
24.1,94.03,1
24.1,94.04,1
24.1,94.07,1
24.11,93.91,1
24.11,94.13,1
24.11,94.02,1
24.12,94.13,1
24.12,94.07,1
24.12,94.05,1
24.12,94.02,1
24.12,94.07,1
24.12,94.07,1
24.12,94.07,1
24.13,93.99,1
24.13,94.0,1
24.13,94.13,1
24.13,94.12,1
24.13,94.12,1
24.13,94.11,1
24.13,94.11,1
24.13,94.07,1
24.13,94.07,1
24.13,94.07,1
24.13,94.06,1
24.14,93.93,1
24.14,94.07,1
24.14,94.01,1
24.15,94.1,1
24.15,94.1,1
24.15,94.1,1
24.15,94.08,1
24.15,94.1,1
24.15,94.1,1
24.16,93.97,1
24.16,93.96,1
24.16,93.95,1
24.16,93.95,1
24.16,93.95,1
24.17,93.93,1
24.18,93.9,1
24.18,93.99,1
24.18,94.07,1
24.19,93.97,1
24.19,93.97,1
24.19,94.11,1
24.19,94.02,1
24.19,94.2,1
24.19,94.19,1
24.19,94.01,1
24.2,94.1,1
24.2,94.1,1
24.2,94.2,1
24.2,94.2,1
24.21,94.22,1
24.22,93.88,1
24.22,94.24,1
24.22,94.09,1
24.22,94.09,1
24.22,94.11,1
24.22,94.07,1
24.22,94.08,1
24.22,94.08,1
24.22,94.08,1
24.22,94.09,1
24.22,94.26,1
24.23,93.93,1
24.23,93.94,1
24.24,93.85,1
24.24,94.08,1
24.25,94.08,1
24.25,94.07,1
24.25806,94.28722,1
24.3225,94.23361,1
24.34,94.22444,1
24.40639,94.06583,1
24.5,93.12,1
24.52,93.09,1
24.52,93.09,1
24.52,93.11,1
24.549944,93.668361,1
24.791389,93.735417,1
24.792333,93.658222,1
24.794722,93.655778,1
24.8133,93.5472,1
24.813306,93.243417,1
24.813889,93.245222,1
24.81722,93.51722,1
24.8175,93.54908,1
24.81778,93.51583,1
24.81867,93.54819,1
24.82058,94.137,1
24.82375,93.523861,1
24.83,93.9,1
24.83278,93.46333,1
24.836194,93.481992,1
24.84,93.91,1
24.84833,93.45917,1
24.84833,93.45917,1
24.85536111,93.62402778,1
24.862444,93.610639,1
24.86269444,93.62405556,1
24.90139,93.45389,1
24.9252,94.3371,1
24.983194,93.500417,1
24.983528,94.158333,1
24.983806,93.497528,1
24.985167,93.508306,1
24.98575,93.497389,1
24.98611,93.50583,1
24.98722,93.50361,1
24.98722,93.50361,1
24.99083,93.50583,1
24.99083,93.50583,1
24.992889,94.230583,1
24.99306,93.4975,1
24.994278,94.205917,1
24.99694,93.50222,1
24.997972,94.020444,1
25.016375,94.021711,1
25.028456,94.015522,1
25.038753,94.152236,1
25.042333,94.241111,1
25.044111,94.233778,1
25.047833,92.789306,1
25.080161,94.114939,1
25.085833,94.107222,1
25.086525,94.078197,1
25.091778,92.354694,1
25.11,93.37,1
25.11,93.37,1
25.13109,93.97215,1
25.146528,93.941722,1
25.173056,94.136261,1
25.188578,94.139278,1
25.200853,94.134506,1
25.201083,93.140806,1
25.218022,94.107603,1
25.2375,94.113889,1
25.238611,94.009189,1
25.240539,94.114492,1
25.245869,94.014442,1
25.257919,94.091564,1
25.261617,94.079422,1
25.262947,94.079353,1
25.265492,94.098872,1
25.265578,94.064836,1
25.268942,94.044694,1
25.279389,94.032194,1
25.286369,94.036492,1
25.289833,94.036647,1
25.297797,94.044722,1
25.304917,94.011444,1
25.318206,94.091428,1
25.318628,94.092053,1
25.332489,94.080258,1
25.335364,94.169247,1
25.337239,94.039708,1
25.337428,94.184525,1
25.338556,94.158806,1
25.339872,94.168736,1
25.340433,94.166631,1
25.340833,94.160528,1
25.342472,94.161667,1
25.344389,94.199722,1
25.350061,94.220711,1
25.350764,94.222161,1
25.351311,94.222514,1
25.363278,94.228389,1
25.379611,94.146667,1
25.379878,94.214606,1
25.417778,94.077222,1
25.421028,94.070472,1
25.421111,94.077,1
25.421656,94.071,1
25.427231,94.048914,1
25.428889,94.043861,1
25.42955,94.053333,1
25.433231,94.070986,1
25.4351,94.071111,1
25.435444,94.061928,1
25.439367,94.025864,1
25.440961,94.046264,1
25.444322,94.046858,1
25.444333,94.006631,1
25.446611,94.049511,1
25.447378,94.049444,1
25.448389,94.003139,1
25.451814,94.049944,1
25.452417,94.018919,1
25.47217,94.15433,1
25.5,94.389,1
25.51378,94.14089,1
25.514,94.137,1
25.51591667,94.13652778,1
25.517,93.957,1
25.52,93.958,1
25.521,93.964,1
25.52103,94.13783,1
25.523,93.873,1
25.523,93.898,1
25.523,93.899,1
25.523,93.955,1
25.527,93.953,1
25.528,93.871,1
25.528,93.872,1
25.529,93.952,1
25.529,93.87,1
25.53128,94.16536,1
25.532,93.927,1
25.54039,94.16989,1
24.85397,93.61937,1
24.8587,93.61439,1
24.85534,93.62409,1
25.471526,94.151784,1
24.979,93.496,1
24.524125,93.816333,1
24.517056,93.817056,1
25.6495419,94.1068683,1
25.476047,94.146074,1
24.79833333,93.65505556,1
24.79472222,93.65577778,1
24.7955,93.73605556,1
24.79727778,93.73777778,1
24.985,93.52113889,1
24.79083333,93.72333333,1
25.67341667,91.06625,1
25.67469444,91.88652778,1
24.82908333,93.50694444,1
24.84563889,93.50202778,1
24.86461111,93.59888889,1
24.86469444,93.62116667,1
24.86297222,93.62397222,1
24.73133333,93.92738889,1
24.82022222,94.35255556,1
25.07849444,94.23608333,1
25.35366667,94.06508333,1
25.24868889,93.85251111,1
24.80664722,93.66738056,1
24.786938,93.657893,1
24.788159,93.663215,1
24.786357,93.657951,1
24.791125,93.72522,1
24.794493,93.652745,1
24.787526,93.662891,1
24.789504,93.66385,1
24.846509,93.573533,1
24.863924,93.617853,1
24.862146,93.595644,1
24.859576,93.576244,1
25.066715,94.349728,1
24.984331,94.228244,1
25.033514,92.435539,1
25.033628,92.439331,1
25.034289,92.435222,1
25.037722,92.439556,1
25.037833,92.440417,1
25.038186,92.440725,1
25.038361,92.43675,1
25.040511,92.446119,1
25.042189,92.441964,1
25.042408,92.434525,1
25.042556,92.435028,1
25.042778,92.432472,1
25.043667,92.425444,1
25.043914,92.423556,1
25.044056,92.418778,1
25.044136,92.430244,1
25.044417,92.423908,1
25.044442,92.427761,1
25.044733,92.423675,1
25.044778,92.430333,1
25.044833,92.429333,1
25.045111,92.4215,1
25.045386,92.420764,1
25.045389,92.410444,1
25.046181,92.408878,1
25.047194,92.404806,1
25.047556,92.405806,1
25.049744,92.400678,1
25.052236,92.399047,1
25.056022,92.394119,1
25.062025,92.386975,1
25.068158,92.380058,1
25.073,92.368778,1
25.073217,92.372161,1
25.073731,92.370786,1
25.075167,92.370953,1
25.075567,92.363317,1
25.079,92.361667,1
25.079028,92.359111,1
25.079722,92.359361,1
25.081381,92.359972,1
25.083061,92.360322,1
25.083361,92.361083,1
25.084611,92.335667,1
25.08586,92.35869,1
25.087917,92.357906,1
25.091361,92.356889,1
25.09178,92.35469,1
25.092083,92.35925,1
25.092178,92.353564,1
25.092981,92.353708,1
25.093078,92.348025,1
25.095131,92.350111,1
25.096592,92.351017,1
25.097997,92.355972,1
25.104417,92.365028,1
25.112806,92.350194,1
25.113475,92.350506,1
25.113586,92.370594,1
25.114997,92.358378,1
25.117453,92.35705,1
25.12186,92.388583,1
25.122381,92.243069,1
25.126972,92.388083,1
25.129169,92.388306,1
25.133289,92.225272,1
25.133911,92.222392,1
25.134194,92.383528,1
25.134293,92.38155,1
25.134972,92.380278,1
25.136047,92.222064,1
25.143375,92.141861,1
25.143969,92.217497,1
25.14775,92.375528,1
25.147942,92.181586,1
25.148019,92.178114,1
25.148083,92.180639,1
25.148158,92.177172,1
25.148303,92.176236,1
25.148747,92.175119,1
25.14965,92.214519,1
25.150286,92.213508,1
25.152367,92.195708,1
25.153272,92.206058,1
25.156419,92.141353,1
25.156542,92.198469,1
25.157592,92.239928,1
25.159367,92.202078,1
25.16400556,92.38702778,1
25.164133,92.417747,1
25.165028,92.388056,1
25.165222,92.388389,1
25.181969,91.637545,1
25.184381,92.029531,1
25.189106,92.079564,1
25.191111,92.003389,1
25.191611,92.155361,1
25.192422,92.37705,1
25.197283,92.1991,1
25.197283,92.2225,1
25.200333,92.200472,1
25.201,91.234,1
25.20283,91.20908,1
25.202886,92.201147,1
25.206972,92.208028,1
25.208593,91.742294,1
25.211722,92.065389,1
25.21225,92.047306,1
25.214153,92.045428,1
25.214944,92.073917,1
25.216169,91.389142,1
25.218732,91.740262,1
25.222221,91.742134,1
25.223769,91.740164,1
25.226751,91.754441,1
25.226806,92.090611,1
25.227249,91.748917,1
25.228472,92.187806,1
25.229167,92.2235,1
25.229972,92.223278,1
25.230047,92.221119,1
25.231383,92.2215,1
25.232417,92.178881,1
25.233583,92.209583,1
25.234922,92.095531,1
25.236428,92.096172,1
25.23707,91.43212,1
25.237361,92.096992,1
25.23908,90.63944,1
25.243358,91.747094,1
25.25419,90.21486,1
25.258603,92.38555,1
25.261117,92.385231,1
25.2625,92.384639,1
25.264575,92.381497,1
25.274,92.373944,1
25.280528,92.380042,1
25.281122,92.345397,1
25.282267,92.341433,1
25.28236861,91.73874417,1
25.296,91.932,1
25.297628,92.387525,1
25.300389,91.726722,1
25.31458,91.45242,1
25.31488,91.44913,1
25.31488,91.33367,1
25.315176,91.923021,1
25.31848,91.45262,1
25.320833,91.9275,1
25.345,91.891,1
25.359281,91.035939,1
25.361056,91.034889,1
25.37539167,92.431275,1
25.382563,91.757675,1
25.38803,91.46977,1
25.40023,91.5159,1
25.4013,91.45855,1
25.403061,90.724166,1
25.40547,91.53712,1
25.407917,91.998889,1
25.425,91.405,1
25.430167,91.866528,1
25.43561,91.862056,1
25.44465,91.34622,1
25.44889,92.19417,1
25.450628,91.817767,1
25.49736111,91.77902778,1
25.49833333,91.73361111,1
25.5,90.22,1
25.5,90.22,1
25.50335,91.28335,1
25.50368056,91.72342222,1
25.504083,91.723028,1
25.50667,91.28318,1
25.507586,91.708236,1
25.509233,91.703961,1
25.509358,91.719631,1
25.51,90.21,1
25.51028,90.21678,1
25.51973,91.28443,1
25.520356,91.537764,1
25.5208,91.25985,1
25.523,91.521389,1
25.524931,91.514383,1
25.53,89.98,1
25.53,89.98,1
25.535628,91.679575,1
25.537972,91.602361,1
25.54231,92.1,1
25.54261,92.10867,1
25.54261,92.09842,1
25.54264,92.10214,1
25.542744,91.662067,1
25.54328,92.10478,1
25.548089,91.647706,1
25.548306,91.61775,1
25.549789,91.645033,1
25.55,90.33,1
25.5502,91.618106,1
25.56,90.37,1
25.56667,91.90194,1
25.568056,91.737944,1
25.568106,91.737919,1
25.57822,91.86545,1
25.6,90.03,1
25.61,90.29,1
25.61,90.29,1
25.616596,91.876562,1
25.619625,91.616567,1
25.62,91.88272222,1
25.620361,91.617083,1
25.6251,91.9118,1
25.625142,90.791675,1
25.625331,91.182614,1
25.633896,91.891833,1
25.636747,91.162711,1
25.637026,91.844464,1
25.64906111,91.89733611,1
25.64908889,91.899,1
25.65,90.38,1
25.65060556,91.89945278,1
25.660333,91.635083,1
25.660539,91.635431,1
25.663444,91.915944,1
25.667072,91.091972,1
25.667744,91.597819,1
25.68625,91.118358,1
25.687056,91.6485,1
25.687083,91.650858,1
25.687314,91.655378,1
25.687431,91.648322,1
25.687442,91.656183,1
25.687856,91.647944,1
25.688011,91.658069,1
25.691453,91.645731,1
25.692933,91.647703,1
25.692947,91.648044,1
25.69483,91.11836,1
25.695552,91.903777,1
25.696489,91.644528,1
25.6999,91.642192,1
25.700053,91.644486,1
25.75634,92.017832,1
25.759278,91.882861,1
25.760611,91.88225,1
25.763347,91.657153,1
25.776087,92.03754,1
25.787,91.876583,1
25.79,90.44,1
25.795444,91.662111,1
25.796657,92.143462,1
25.83,91.05,1
25.852222,91.881361,1
25.853111,91.881583,1
25.86575,92.153286,1
25.865894,91.880278,1
25.874293,92.018322,1
25.895583,91.599333,1
25.913997,91.578903,1
25.9235,91.574222,1
25.92792,91.87717,1
25.927972,91.877194,1
25.930386,91.571822,1
25.934889,91.714389,1
25.935708,91.714556,1
25.935833,91.56525,1
25.935908,91.564903,1
25.936583,91.563917,1
25.937,91.87553,1
25.940439,91.563069,1
25.940978,91.724644,1
25.945225,91.560703,1
25.945619,91.548883,1
25.951106,91.968889,1
25.9545,91.546622,1
25.954889,91.858667,1
25.956333,91.85725,1
25.956781,91.852883,1
25.95847,91.85406,1
25.96,91.857,1
25.970032,92.056762,1
25.970062,92.054889,1
25.971897,91.562372,1
25.972322,91.561125,1
25.972469,91.560822,1
25.97256,91.86242,1
25.972964,91.858336,1
25.978481,91.569575,1
25.978803,91.860278,1
25.979244,91.860578,1
25.982436,92.057405,1
25.994619,91.577214,1
25.997033,91.86235,1
25.998847,91.863883,1
26.00294,91.86692,1
26.01061,91.86886,1
26.02547,91.87158,1
26.02897,91.87197,1
25.47704743,92.16831285,1
25.46307925,92.25426106,1
25.5667327,91.9146185,1
25.28422636,92.11294194,1
25.2842285,92.11314877,1
25.29967,91.46108,1
25.29667,91.45986,1
25.2975,91.46167,1
25.29739,91.46201,1
25.29778,91.45972,1
25.809088,91.875238,1
25.781246,91.874475,1
25.465167,91.824944,1
25.422278,91.867694,1
25.43480556,91.85952778,1
25.48716667,91.81936111,1
25.456896,91.826145,1
25.048054,92.409245,1
25.366201,91.767213,1
25.355042,91.767525,1
25.340415,91.774142,1
25.95608333,91.86413889,1
25.67341667,91.06625,1
25.57711111,91.88141667,1
25.56183333,91.86855556,1
25.57188889,91.90127778,1
25.56852778,91.89219444,1
25.13561111,92.3805,1
25.13561111,92.3805,1
25.13561111,92.3805,1
25.13486111,92.382,1
25.12383333,92.38519444,1
25.07533333,92.36341667,1
25.05108333,92.40219444,1
25.04305556,92.42041667,1
25.04222222,92.44127778,1
25.36497222,91.02411111,1
25.26361111,92.38557778,1
25.26005556,92.38863889,1
25.14702778,92.37883333,1
25.14702778,92.37883333,1
25.14341667,92.37805556,1
25.13427778,92.38511111,1
25.09022222,92.35805556,1
25.09055556,92.35972222,1
25.08772222,92.36086111,1
26.00361111,92.86361111,1
25.53086111,91.29780556,1
25.97283333,91.86545,1
25.97255556,91.86241667,1
25.67469444,91.88652778,1
25.563,91.885,1
25.56663056,91.91370556,1
25.281,91.57330556,1
25.27728056,91.57445,1
25.6489,91.8965,1
25.64911111,91.899,1
25.23211111,91.37252778,1
25.22194444,91.38422222,1
25.2161,91.38912222,1
25.18766667,91.39816667,1
25.18688889,91.39855556,1
25.62,91.88272222,1
25.44233333,92.19447222,1
25.44177778,92.19558333,1
25.44138889,92.19108333,1
25.43630556,92.19525,1
25.43505556,92.19836111,1
25.44741667,92.20138889,1
25.45075,92.19452778,1
25.45351667,92.18784722,1
25.65060556,91.89945278,1
25.64908889,91.899,1
25.64906111,91.89733611,1
25.49736111,91.77902778,1
25.49833333,91.73361111,1
25.50368056,91.72342222,1
25.36103333,91.64700833,1
25.21273889,90.63216111,1
25.21022222,90.63220278,1
25.38163333,90.06033889,1
25.45939722,90.70860278,1
25.45903056,90.70813333,1
25.44835,91.59150278,1
25.44743611,91.59103889,1
25.44716111,91.59067778,1
25.296,91.932,1
25.345,91.891,1
25.35861111,91.97208333,1
25.35908333,91.97433333,1
25.39611111,91.99194444,1
25.365263,91.878497,1
25.52901389,91.26188611,1
25.41955556,92.16194444,1
25.55256111,91.61870278,1
25.39295833,91.55163333,1
25.37129167,91.48003056,1
25.40288611,91.43424167,1
25.531739,91.296177,1
25.540056,91.314142,1
25.62790278,91.88801944,1
25.630403,91.8899195,1
25.630858,91.887601,1
25.641242,91.894137,1
25.65057222,91.89351389,1
25.64887222,91.89692778,1
25.44693056,91.74096667,1
25.41384722,91.67856111,1
25.34508889,91.60050278,1
25.619397,91.61704,1
25.65443889,91.62390833,1
25.65443889,91.63345833,1
25.65977222,91.63440556,1
25.65308889,91.89803889,1
25.65341111,91.89819444,1
25.66315,91.90180278,1
25.67032222,91.90487222,1
25.67517222,91.8983,1
25.42315556,91.86329167,1
25.30127778,91.92198889,1
25.67546111,91.89726944,1
25.67761389,91.89865833,1
25.49551944,91.49585278,1
25.28247222,91.36413333,1
25.28090556,91.36584722,1
25.68255833,91.90111389,1
25.68591944,91.90256667,1
25.71165556,91.89512778,1
25.75297778,91.88535278,1
25.79744444,91.87408611,1
25.80725833,91.87509444,1
25.62269444,91.16914444,1
25.61276111,91.17375278,1
25.66156667,91.13485278,1
25.69150833,91.64160833,1
25.69517778,91.64123611,1
25.69688611,91.64176667,1
25.70087778,91.642902,1
25.69866667,91.64517222,1
25.69683611,91.64485556,1
25.69523333,91.64426944,1
25.69463611,91.64577778,1
25.68698889,91.64812222,1
25.68690556,91.64915278,1
25.688833,91.653639,1
25.68798889,91.65838889,1
25.68805,91.66653,1
25.68822222,91.66746111,1
25.69007,91.67085,1
25.733262,91.675754,1
25.762051,91.658959,1
25.770935,91.656497,1
25.791616,91.658242,1
25.803984,91.659801,1
25.700668,91.596815,1
25.739454,91.572107,1
25.567423,89.979711,1
25.566518,91.914509,1
22.06,92.66,1
22.08,92.65,1
22.1,92.85,1
22.1,92.86,1
22.1,92.86,1
22.1,92.86,1
22.11,92.85,1
22.11,92.85,1
22.11,92.85,1
22.11,92.86,1
22.11,92.88,1
22.14,92.88,1
22.15,92.62,1
22.15,92.63,1
22.15,92.78,1
22.15,92.88,1
22.15,92.99,1
22.15,92.99,1
22.16,92.62,1
22.16,92.8,1
22.17,92.99,1
22.18,92.61,1
22.18,92.61,1
22.18,92.61,1
22.18,92.77,1
22.18,93.01,1
22.19,92.69,1
22.19,92.98,1
22.2,92.61,1
22.2,93.13,1
22.21,92.61,1
22.21,92.61,1
22.21,92.96,1
22.21,92.96,1
22.21,93.12,1
22.21,93.12,1
22.22,92.62,1
22.22,92.95,1
22.22,93.11,1
22.23,92.93,1
22.23,92.93,1
22.24,92.62,1
22.24,92.68,1
22.24,92.6,1
22.24,93.1,1
22.25,92.63,1
22.25,92.63,1
22.25,92.62,1
22.25,92.62,1
22.25,93.09,1
22.26,92.63,1
22.26,92.63,1
22.26,92.68,1
22.27,92.63,1
22.27,92.68,1
22.27,93.09,1
22.28,92.63,1
22.28,93.08,1
22.28,93.09,1
22.29,92.63,1
22.29,92.63,1
22.29,93.09,1
22.31,92.63,1
22.31,92.63,1
22.32,92.73,1
22.33,92.75,1
22.33,92.74,1
22.33,92.73,1
22.33,92.72,1
22.33,92.69,1
22.33,92.69,1
22.33,92.63,1
22.33,92.65,1
22.34,92.75,1
22.34,92.74,1
22.34,92.71,1
22.34,92.68,1
22.34,92.69,1
22.34,92.74,1
22.34,92.74,1
22.34,92.65,1
22.34,93.04,1
22.34,93.04,1
22.34,93.13,1
22.35,92.66,1
22.35,92.74,1
22.35,92.74,1
22.35,92.65,1
22.36,92.61,1
22.36,93.05,1
22.37,92.63,1
22.38,92.59,1
22.38,92.59,1
22.38,93.12,1
22.39,92.61,1
22.39,92.59,1
22.39,93.11,1
22.4,93.12,1
22.4,93.13,1
22.41,92.75,1
22.41,92.75,1
22.41,92.6,1
22.43,92.75,1
22.44,93.1,1
22.44,93.1,1
22.45,93.09,1
22.46,92.73,1
22.46,93.05,1
22.46,93.05,1
22.49,92.74,1
22.49,93.01,1
22.5,92.75,1
22.5,92.74,1
22.5,92.73,1
22.5,92.73,1
22.5,93.01,1
22.5,93.02,1
22.51,92.74,1
22.52,92.71,1
22.52,92.71,1
22.52,92.72,1
22.52,92.72,1
22.53,92.7,1
22.53,92.7,1
22.54,92.69,1
22.54,92.68,1
22.56,92.67,1
22.56,92.67,1
22.6,92.67,1
22.61,92.66,1
22.61,92.66,1
22.61,92.66,1
22.61,92.67,1
22.61,92.67,1
22.61,92.67,1
22.61,92.64,1
22.63,92.66,1
22.63,92.66,1
22.63,92.66,1
22.64,92.61,1
22.65,92.61,1
22.65,92.67,1
22.65,92.71,1
22.65,92.71,1
22.65,92.71,1
22.66,92.67,1
22.66,92.71,1
22.67,92.68,1
22.67,92.68,1
22.67,92.69,1
22.68,92.59,1
22.68,92.58,1
22.68,92.58,1
22.68,92.57,1
22.68,92.57,1
22.68,92.66,1
22.7,92.56,1
22.7,92.66,1
22.7,92.66,1
22.7,92.66,1
22.71,92.66,1
22.73,92.65,1
22.73,92.65,1
22.73,92.65,1
22.74,92.52,1
22.74,92.63,1
22.812588,92.807343,1
22.823893,93.036804,1
22.827084,92.80175,1
22.837809,92.798653,1
22.838051,92.798889,1
22.838732,92.791954,1
22.838875,92.792801,1
22.87,92.49,1
22.87,92.48,1
22.87,92.48,1
22.87056,92.822105,1
22.88,92.49,1
22.88,92.49,1
22.88,92.49,1
22.88,92.49,1
22.88,92.48,1
22.88,92.48,1
22.88,92.48,1
22.88,92.47,1
22.88,92.46,1
22.88,92.46,1
22.88,92.46,1
22.89,92.46,1
22.89,92.47,1
22.89,92.48,1
22.89,92.48,1
22.89,92.48,1
22.89,92.49,1
22.9,92.47,1
22.9,92.49,1
22.9,92.49,1
22.9,92.49,1
22.9,92.49,1
22.9,92.49,1
22.9,92.48,1
22.9,92.49,1
22.9,92.49,1
22.9,92.46,1
22.9,92.47,1
22.9,92.47,1
22.9,92.48,1
22.906252,92.93174,1
22.91,92.47,1
22.91,92.47,1
22.91,92.47,1
22.91,92.46,1
22.91165,92.929871,1
22.915947,92.928337,1
22.93,92.48,1
22.93,92.48,1
22.93,92.49,1
22.93,92.5,1
22.979994,92.726112,1
23.001865,92.923225,1
23.004421,92.988426,1
23.005556,92.810555,1
23.017555,92.771515,1
23.022125,92.919952,1
23.025131,92.91922,1
23.053747,92.704163,1
23.053806,92.704918,1
23.056194,92.70047,1
23.057222,93.080002,1
23.097,92.696358,1
23.14085,93.142487,1
23.142357,92.750961,1
23.148056,93.055832,1
23.150719,92.74826,1
23.150719,92.74826,1
23.168705,93.108017,1
23.18,92.49,1
23.182417,93.246498,1
23.182667,93.026138,1
23.199879,93.00705,1
23.204981,92.57457,1
23.205961,92.538406,1
23.208918,92.518692,1
23.217224,92.949684,1
23.222853,92.941536,1
23.222925,92.940842,1
23.244541,93.099533,1
23.25,92.48,1
23.254946,92.634239,1
23.255288,92.888813,1
23.255426,92.890915,1
23.260038,92.882734,1
23.268811,92.665508,1
23.271781,92.637703,1
23.272218,92.873298,1
23.273513,92.65731,1
23.2741,92.848362,1
23.2747,92.647873,1
23.275305,92.850377,1
23.276999,92.850991,1
23.277412,92.870285,1
23.277886,92.840388,1
23.279612,92.869602,1
23.281103,92.857654,1
23.28113,92.651804,1
23.281521,92.868857,1
23.282258,92.852377,1
23.28328,92.831766,1
23.28388,92.857468,1
23.283951,92.852551,1
23.285967,92.856546,1
23.286001,92.857178,1
23.28611,92.85748,1
23.28621,92.857249,1
23.288105,92.857432,1
23.28985,92.860445,1
23.291063,92.860374,1
23.293142,92.857091,1
23.293769,92.871451,1
23.29659,92.694008,1
23.297332,92.740677,1
23.297637,92.74119,1
23.298044,92.648759,1
23.298413,92.81508,1
23.299407,92.696714,1
23.30028,92.741186,1
23.301399,92.699109,1
23.302106,92.649524,1
23.302456,92.853533,1
23.303412,93.31066,1
23.303639,93.311361,1
23.305259,92.809736,1
23.308202,92.731268,1
23.308769,92.862258,1
23.309091,92.86293,1
23.310167,93.311889,1
23.314208,92.858096,1
23.314408,92.808662,1
23.315355,92.786906,1
23.3154,92.791224,1
23.315806,92.859192,1
23.316221,92.856217,1
23.318805,92.853099,1
23.320815,92.854748,1
23.321505,92.854734,1
23.322363,92.854689,1
23.333984,92.781878,1
23.349857,92.780208,1
23.351772,92.781701,1
23.353803,92.794306,1
23.354778,93.300556,1
23.360199,92.632911,1
23.375634,93.384499,1
23.385211,92.844697,1
23.38533,92.855433,1
23.387328,92.933397,1
23.388377,92.845102,1
23.393332,92.758148,1
23.397126,92.757203,1
23.40002,92.842404,1
23.401015,92.848482,1
23.40178,92.750005,1
23.403402,92.750288,1
23.405305,92.851014,1
23.406389,92.75325,1
23.409674,92.750935,1
23.411146,92.752193,1
23.412046,92.750099,1
23.412879,92.75401,1
23.413501,92.725781,1
23.414113,93.136272,1
23.415165,92.722199,1
23.417482,92.770557,1
23.421903,92.715601,1
23.423348,92.715571,1
23.425424,92.716106,1
23.425583,93.168278,1
23.427681,92.714959,1
23.429181,93.171166,1
23.434706,92.854894,1
23.43481,92.873933,1
23.435405,92.871814,1
23.436999,92.875456,1
23.438997,92.877502,1
23.439894,92.702301,1
23.440648,92.703726,1
23.440711,92.864298,1
23.440973,92.87909,1
23.44129,92.865395,1
23.442118,92.868912,1
23.442296,92.695903,1
23.443793,92.862106,1
23.443878,92.85593,1
23.44608,92.861819,1
23.447015,92.866917,1
23.447093,92.863082,1
23.447697,92.861729,1
23.447985,92.856607,1
23.448368,92.899862,1
23.449827,92.8599,1
23.451505,92.900845,1
23.453389,93.2615,1
23.454081,92.857453,1
23.454817,92.858696,1
23.454968,92.854599,1
23.456101,92.859084,1
23.457031,92.857686,1
23.457971,93.263265,1
23.458124,92.9053,1
23.45835,93.263247,1
23.458593,92.905313,1
23.459019,92.856803,1
23.459786,92.855821,1
23.460697,92.747293,1
23.460792,92.855527,1
23.460968,92.597217,1
23.462805,92.856093,1
23.463981,92.736875,1
23.468357,92.591717,1
23.469833,93.314889,1
23.470198,92.693264,1
23.470794,92.741413,1
23.470964,92.692902,1
23.475392,92.605749,1
23.475522,93.313978,1
23.476232,92.913652,1
23.477108,92.857281,1
23.477601,92.818801,1
23.47803,92.861256,1
23.478601,92.858505,1
23.479766,92.870601,1
23.486909,92.856282,1
23.490702,93.33685,1
23.491004,92.696873,1
23.491497,92.705503,1
23.493913,92.854305,1
23.497388,92.855013,1
23.497919,92.854946,1
23.498802,92.8546,1
23.498881,92.703251,1
23.49901,92.702759,1
23.499418,92.905021,1
23.510275,93.360333,1
23.512147,93.359164,1
23.518162,93.366956,1
23.540457,93.379051,1
23.54294,93.384772,1
23.546048,93.147734,1
23.548173,93.131588,1
23.57,92.47,1
23.57,92.47,1
23.602395,93.084222,1
23.608306,92.850583,1
23.613722,92.851889,1
23.640693,93.084944,1
23.663354,93.023297,1
23.69,92.49,1
23.69,92.35,1
23.69,92.35,1
23.70166667,92.71944444,1
23.70272,92.71631,1
23.722,92.721222,1
23.73436,92.75194,1
23.744167,92.730472,1
23.750454,92.69524,1
23.750676,92.679635,1
23.750722,92.744,1
23.751155,92.571589,1
23.751528,91.604533,1
23.751694,92.731528,1
23.753417,92.687556,1
23.754359,92.690207,1
23.754475,92.722754,1
23.754493,92.690145,1
23.757805,92.561473,1
23.761734,92.573908,1
23.767139,92.533889,1
23.767139,92.533889,1
23.76821,92.539681,1
23.78,92.84,1
23.78,92.36,1
23.780864,92.577909,1
23.783846,92.553747,1
23.783956,92.553695,1
23.784222,92.841972,1
23.784278,92.597111,1
23.788722,92.837833,1
23.788722,92.837833,1
23.79,92.36,1
23.790132,92.672097,1
23.793417,93.387474,1
23.796268,92.54654,1
23.798861,92.642417,1
23.799166,93.132919,1
23.8,92.5,1
23.800556,93.15889,1
23.801624,92.960437,1
23.802567,92.564045,1
23.803055,93.160164,1
23.805313,92.592663,1
23.808111,93.041779,1
23.808528,92.595222,1
23.81,92.5,1
23.810083,92.833861,1
23.810806,93.379028,1
23.811722,92.959917,1
23.811938,92.570804,1
23.812139,92.954167,1
23.812167,92.835194,1
23.816,92.84,1
23.816611,92.662306,1
23.817333,92.661222,1
23.819269,92.826983,1
23.819269,92.826983,1
23.821894,92.569325,1
23.822054,92.826453,1
23.822086,92.826497,1
23.823222,92.674861,1
23.82325,92.925222,1
23.824586,92.825019,1
23.825205,92.830469,1
23.826694,92.603833,1
23.832916,93.301888,1
23.836056,93.37664,1
23.83675,92.916556,1
23.839417,92.910972,1
23.84,92.37,1
23.842167,93.373917,1
23.844109,92.928779,1
23.844165,92.930006,1
23.846056,93.371971,1
23.846786,92.655892,1
23.847224,92.927508,1
23.847246,92.927341,1
23.849497,92.928202,1
23.85,92.33,1
23.850861,92.743083,1
23.851361,92.742222,1
23.852722,92.743306,1
23.855092,92.666553,1
23.855535,92.648953,1
23.856821,92.833784,1
23.856861,92.743028,1
23.856972,93.046112,1
23.86,92.35,1
23.860102,92.834056,1
23.860361,93.203804,1
23.861805,93.364944,1
23.862638,93.204025,1
23.867277,93.205643,1
23.868917,92.735472,1
23.869861,92.877444,1
23.87,92.5,1
23.870445,93.208611,1
23.87075,93.078529,1
23.871694,92.919955,1
23.872722,92.874083,1
23.877806,93.267609,1
23.88,92.69,1
23.88,92.5,1
23.88139,93.243027,1
23.882389,93.248947,1
23.882583,92.877639,1
23.88319,92.869,1
23.883306,92.861917,1
23.88375,92.866778,1
23.883944,92.880528,1
23.886723,93.200279,1
23.887333,92.851111,1
23.890694,93.275024,1
23.891722,92.84925,1
23.891722,92.84925,1
23.9,92.39,1
23.902111,92.922556,1
23.905027,93.185776,1
23.907555,93.015114,1
23.908806,93.177391,1
23.91,92.45,1
23.915778,92.742417,1
23.918389,92.923472,1
23.918461,92.741531,1
23.918694,92.740389,1
23.918917,92.650833,1
23.922639,92.736528,1
23.92294,92.65703,1
23.923047,92.656696,1
23.92425,92.925222,1
23.924278,92.744806,1
23.929083,92.922778,1
23.93,92.37,1
23.933904,92.673871,1
23.934222,92.730611,1
23.934417,92.667222,1
23.935917,93.345642,1
23.935917,93.345642,1
23.936806,93.340668,1
23.9395,92.927889,1
23.94,92.37,1
23.940106,92.680592,1
23.940333,92.680833,1
23.942722,93.213531,1
23.943241,92.933604,1
23.94325,92.933611,1
23.945055,93.313698,1
23.95,92.37,1
23.950417,93.037109,1
23.95942,92.943345,1
23.962278,93.035309,1
23.965889,92.682278,1
23.970444,92.927167,1
23.971078,92.682781,1
23.972027,93.014893,1
23.972222,92.68325,1
23.973513,92.6839,1
23.973684,92.683868,1
23.976412,92.683312,1
23.979472,92.684139,1
23.982,92.718028,1
23.982639,93.011055,1
23.983667,92.683333,1
23.984972,92.772028,1
23.986109,92.681581,1
23.9865,92.709806,1
23.99016,92.68075,1
23.997222,92.681722,1
24.000334,93.300278,1
24.004186,92.904111,1
24.004313,92.904068,1
24.004867,92.677265,1
24.005278,92.677083,1
24.00977,92.767346,1
24.010279,92.767056,1
24.015858,92.797666,1
24.021514,92.673778,1
24.022079,92.771729,1
24.022188,92.771891,1
24.022347,92.772075,1
24.022376,92.77308,1
24.023916,93.194336,1
24.024289,92.771361,1
24.025094,92.769158,1
24.025506,92.915628,1
24.025676,92.914807,1
24.026556,92.911915,1
24.028721,92.909301,1
24.030793,92.793313,1
24.037336,92.922455,1
24.037574,92.922489,1
24.039744,92.780045,1
24.043187,92.77542,1
24.043492,92.775423,1
24.045278,92.775169,1
24.05,92.38,1
24.05,92.38,1
24.050391,92.775525,1
24.053275,92.77647,1
24.06,92.39,1
24.061004,92.925342,1
24.062429,92.922576,1
24.067478,92.893471,1
24.067576,92.893076,1
24.069401,92.91857,1
24.069728,92.918457,1
24.070285,92.787738,1
24.07462,92.91518,1
24.076035,92.790672,1
24.077014,92.790809,1
24.07814,92.790905,1
24.078422,92.792189,1
24.08,92.39,1
24.080938,92.914167,1
24.09,92.37,1
24.09,92.37,1
24.09,92.37,1
24.09,92.4,1
24.09109,92.795724,1
24.09123,92.795928,1
24.091359,92.796008,1
24.091664,92.796134,1
24.094248,92.917745,1
24.097858,92.918738,1
24.099117,92.916676,1
24.1,92.37,1
24.1,92.42,1
24.1,92.51,1
24.102008,92.791628,1
24.10246,92.811355,1
24.11,92.39,1
24.12,92.38,1
24.12,92.36,1
24.12,92.46,1
24.125294,92.805847,1
24.14,92.41,1
24.15,92.41,1
24.17,92.33,1
24.17,92.53,1
24.17,92.52,1
24.18,92.54,1
24.180261,92.690737,1
24.183717,92.798909,1
24.188117,92.595278,1
24.19,92.33,1
24.190369,92.94432,1
24.192522,92.944635,1
24.19265,92.944583,1
24.193682,92.946417,1
24.197474,92.947295,1
24.198831,92.946348,1
24.199114,92.992916,1
24.2,92.42,1
24.211504,92.679258,1
24.214366,92.680404,1
24.215868,92.802452,1
24.216509,92.802591,1
24.217097,92.632545,1
24.218066,92.951214,1
24.220596,92.802961,1
24.225579,92.805884,1
24.225691,92.805445,1
24.225969,92.805611,1
24.229303,92.819002,1
24.232551,92.81525,1
24.237794,92.805727,1
24.23782,92.612062,1
24.237872,92.798117,1
24.238745,92.681538,1
24.24,92.36,1
24.240244,92.694292,1
24.240415,92.941421,1
24.24496,92.683014,1
24.245649,92.681551,1
24.248558,92.954177,1
24.26,92.96,1
24.26,92.81,1
24.26,92.81,1
24.27,92.81,1
24.28,92.81,1
24.29,92.95,1
24.29,92.96,1
24.32,92.84,1
24.34,92.74,1
24.34,92.77,1
24.34,92.84,1
24.34,92.84,1
24.34,92.84,1
24.34,92.84,1
24.35,92.82,1
24.36,92.89,1
24.36,92.89,1
24.36,92.88,1
24.36,92.83,1
24.36,92.82,1
24.37,92.9,1
24.37,92.9,1
24.37,92.89,1
24.37,92.89,1
24.37,92.89,1
24.37,92.89,1
24.37,92.87,1
24.37,92.86,1
24.37,92.85,1
24.37,92.81,1
24.38,92.82,1
24.39,92.79,1
24.4,92.8,1
24.45,92.78,1
24.47,92.76,1
24.48,92.76,1
23.73888889,92.69638889,1
23.73947222,92.69666667,1
23.74027778,92.69722222,1
23.74066667,92.69336111,1
23.7385748,92.6941941,1
23.74472222,92.69277778,1
23.74116667,92.69455556,1
23.7375,92.69444444,1
23.73386111,92.69491667,1
23.72669444,92.69519444,1
23.73361111,92.69388889,1
23.73472222,92.695,1
23.73416667,92.69805556,1
23.73305556,92.69944444,1
23.74972222,92.69833333,1
23.73111111,92.70222222,1
23.73111111,92.70388889,1
23.73333333,92.70527778,1
23.731,92.70644444,1
23.73583333,92.69777778,1
23.73132778,92.70821944,1
23.72428333,92.70737778,1
23.72276944,92.70665,1
23.71446389,92.71146389,1
23.71581111,92.70935,1
23.71595,92.70879444,1
23.7175,92.70666667,1
23.71740833,92.70644167,1
23.71735556,92.70753333,1
23.71721667,92.70777778,1
23.71697222,92.70817222,1
23.71305556,92.70895833,1
23.71523056,92.71529167,1
23.74,92.715,1
23.73944444,92.71472222,1
23.71138889,92.72444444,1
23.71638889,92.72111111,1
23.71444444,92.72861111,1
23.71996389,92.73328889,1
23.71571389,92.72659722,1
23.7104,92.72237778,1
23.71865833,92.72335278,1
23.7175,92.71972222,1
23.71,92.71611111,1
23.70777778,92.71611111,1
23.70666667,92.71444444,1
23.70527778,92.71138889,1
23.70416667,92.71222222,1
23.70027778,92.71611111,1
23.69972222,92.71694444,1
23.68027778,92.72472222,1
23.67805556,92.72,1
23.64333333,92.73444444,1
23.64638889,92.72638889,1
23.64638889,92.72527778,1
23.63111111,92.72388889,1
23.63055556,92.72305556,1
23.62833333,92.72333333,1
23.62277778,92.72444444,1
23.62194444,92.72305556,1
23.62083333,92.7225,1
23.61916667,92.7225,1
23.62,92.72472222,1
23.61972222,92.72527778,1
23.62027778,92.72555556,1
23.62027778,92.72611111,1
23.62111111,92.72444444,1
23.68743333,92.72129167,1
23.67694444,92.71722222,1
23.67583333,92.715,1
23.67472222,92.71722222,1
23.67444444,92.71472222,1
23.67388889,92.71472222,1
23.672069,92.7099293,1
23.684301,92.715511,1
23.70638889,92.72055556,1
23.70416667,92.72,1
23.70305556,92.72055556,1
23.69333333,92.72055556,1
23.69138889,92.72138889,1
23.69,92.72361111,1
23.68361111,92.72277778,1
23.67611111,92.71972222,1
23.67138889,92.72361111,1
23.66694444,92.72194444,1
23.66666667,92.72388889,1
23.66027778,92.72694444,1
23.65666667,92.72694444,1
23.64388889,92.72583333,1
23.635,92.72361111,1
23.43277778,92.76111111,1
23.46777778,92.74111111,1
23.46805556,92.71638889,1
23.4725,92.71444444,1
23.47388889,92.70972222,1
23.49,92.70555556,1
23.49722222,92.70333333,1
23.51361111,92.69833333,1
23.53666667,92.6975,1
23.54166667,92.70194444,1
23.54277778,92.70333333,1
23.52944444,92.72944444,1
23.53083333,92.73055556,1
23.53111111,92.73361111,1
23.53083333,92.73333333,1
23.56388889,92.70805556,1
23.56416667,92.70805556,1
23.565,92.70777778,1
23.56666667,92.70888889,1
23.77305556,92.74361111,1
23.77472222,92.76194444,1
23.77361111,92.76111111,1
23.74861111,92.73861111,1
23.61,92.72083333,1
23.60666667,92.72305556,1
23.5925,92.71666667,1
23.58722222,92.71361111,1
23.57694444,92.71305556,1
23.58027778,92.715,1
23.58138889,92.71416667,1
23.58694444,92.7175,1
23.58555556,92.71583333,1
23.58583333,92.71638889,1
23.58638889,92.71583333,1
23.65388889,92.72444444,1
23.65416667,92.71777778,1
23.655,92.71444444,1
23.65416667,92.69,1
23.66055556,92.67277778,1
23.66083333,92.67277778,1
23.65777778,92.67444444,1
23.65861111,92.70583333,1
23.68143611,92.72144167,1
23.73555556,92.78833333,1
23.72694444,92.79527778,1
23.73277778,92.79722222,1
23.73416667,92.79861111,1
23.74555556,92.79444444,1
23.73666667,92.79722222,1
23.73638889,92.79805556,1
23.73583333,92.79888889,1
23.73638889,92.8,1
23.73555556,92.80027778,1
23.71972222,92.79777778,1
23.72222222,92.80138889,1
23.73111111,92.84944444,1
23.73305556,92.84777778,1
23.76083333,92.8475,1
23.86972222,92.87611111,1
23.80750556,92.83417222,1
23.47694444,92.857846,1
23.471041,92.85503,1
23.465558,92.855991,1
23.463164,92.854672,1
23.31259,92.856415,1
23.288812,92.864763,1
23.281264,92.869279,1
23.379441,92.844081,1
23.38151,92.844938,1
23.382175,92.843876,1
23.382772,92.845187,1
23.381533,92.854115,1
23.387941,92.842291,1
23.237077,92.910043,1
23.126631,93.064946,1
23.665375,92.96162,1
23.683824,92.963188,1
23.696577,92.967198,1
23.73044444,92.75108333,1
23.73019444,92.75141667,1
23.74111111,92.71083333,1
23.74194444,92.71027778,1
23.73041667,92.75552778,1
23.73041667,92.75552778,1
23.70825,92.71769444,1
23.68352778,92.71338889,1
23.4745,93.28916667,1
24.34966667,92.75888889,1
24.33805556,92.73386111,1
24.33836111,92.73377778,1
24.30905556,92.70394444,1
24.24461111,92.69075,1
24.26297222,92.69216667,1
24.2625,92.69166667,1
24.26558333,92.69169444,1
24.36911111,92.72822222,1
24.37077778,92.71769444,1
24.37402778,92.71846944,1
24.51622222,92.77669444,1
24.50772222,92.76961111,1
24.36611111,92.71872222,1
24.21091667,92.67888889,1
24.16647222,92.69555556,1
24.00419444,92.67780556,1
23.97272222,92.68366667,1
23.98997222,92.68061111,1
23.99025,92.68066667,1
23.74,92.71416667,1
23.72322222,92.70183333,1
23.72327778,92.70222222,1
23.75969444,92.73241667,1
23.75888889,92.73336111,1
23.75861111,92.73261111,1
23.76494444,92.73427778,1
22.91452778,92.89333333,1
23.40041667,92.75269444,1
23.40169444,92.75025,1
23.43936111,92.76144444,1
23.65669444,92.72694444,1
23.72786111,92.73955556,1
23.72713889,92.7405,1
23.77022222,92.76,1
23.77166667,92.7605,1
23.77161111,92.75913889,1
23.65530556,92.7025,1
23.70827778,92.71711111,1
23.73241667,92.71480556,1
23.73053889,92.716019,1
23.73055556,92.71527778,1
23.75286,92.73307,1
23.75005,92.7355,1
23.93395,92.65928,1
23.829501,92.736459,1
23.828321,92.73701,1
23.8665,92.74215,1
23.84421,92.74158,1
23.71873,92.72298,1
23.71824,92.72272,1
23.74256944,92.73774444,1
23.88147222,92.84263889,1
23.88355556,92.84952778,1
23.93202778,92.87436111,1
23.89247222,92.85047222,1
23.88386111,92.87505556,1
23.87925,92.87127778,1
23.88113889,92.87755556,1
23.73541667,92.81222222,1
23.732,92.75963889,1
23.73488889,92.75177778,1
23.73611111,92.75130556,1
23.67058333,92.72530556,1
23.66461111,92.72383333,1
23.64702778,92.72583333,1
23.59944444,92.72019444,1
23.51980556,92.70066667,1
24.02027778,92.92861111,1
24.02833333,92.89138889,1
24.26311111,92.96041667,1
24.27138889,92.96,1
24.52611111,92.93694444,1
24.36527778,92.93,1
24.36555556,92.93,1
24.28361111,92.9125,1
24.22416667,92.97638889,1
24.22472222,92.9775,1
24.22527778,92.97777778,1
24.22972222,92.99333333,1
24.31925,92.99080556,1
24.31991667,92.99033333,1
24.2005,92.94105556,1
24.19963889,92.94088889,1
24.19388889,92.94455556,1
24.19116667,92.94330556,1
24.18252778,92.94991667,1
24.18372222,92.94961111,1
24.18561111,92.94536111,1
24.15402778,92.94444444,1
24.23847222,92.95591667,1
24.23777778,92.95583333,1
24.23738889,92.95508333,1
24.23775,92.95447222,1
24.22166667,93.00305556,1
24.20083333,92.985,1
24.14083333,92.92527778,1
24.19533333,92.99544444,1
24.07805556,92.91155556,1
24.02555556,92.91944444,1
23.90527778,92.92083333,1
23.90222222,92.91888889,1
23.8975,92.92,1
23.89027778,92.91944444,1
23.89083333,92.92055556,1
23.88833333,93.08638889,1
23.88666667,92.91861111,1
23.86694444,92.91444444,1
23.85527778,92.90472222,1
23.85972222,92.89694444,1
23.86277778,92.8825,1
23.86472222,92.88194444,1
23.86638889,92.88138889,1
23.87694444,92.87694444,1
23.88194444,92.88166667,1
23.36852778,92.76575,1
23.36852778,92.76538889,1
23.37533333,92.75472222,1
23.35655556,92.76958333,1
23.35516667,92.76991667,1
23.33022222,92.78886111,1
23.39813889,92.7485,1
23.41277778,92.73077778,1
23.38519444,92.752,1
23.65675,92.70352778,1
23.65416667,92.70222222,1
23.65955556,92.67111111,1
23.66030556,92.67244444,1
23.57166667,92.71083333,1
23.58388889,92.71722222,1
23.58591667,92.71777778,1
23.55944444,92.70833333,1
23.54380556,92.70136111,1
23.54027778,92.70138889,1
23.53986111,92.70063889,1
23.535,92.69694444,1
23.53333333,92.69722222,1
23.52972222,92.69611111,1
23.49991667,92.70136111,1
23.5,92.70111111,1
23.47405556,92.71008333,1
23.78138889,92.67638889,1
23.93194444,92.65222222,1
23.93027778,92.6525,1
23.05805556,92.67583333,1
23.0475,92.67166667,1
23.05222222,92.67027778,1
23.03833333,92.67055556,1
23.03016667,92.67336111,1
23.02280556,92.67255556,1
23.00638889,92.67691667,1
23.32522222,92.70047222,1
23.97411111,92.71730556,1
23.97361111,92.7225,1
23.91916667,92.7375,1
23.91777778,92.73805556,1
23.89638889,92.73638889,1
23.00461111,92.67744444,1
23.00011111,92.67905556,1
23.99777778,92.68166667,1
23.99333333,92.68055556,1
23.98472222,92.68138889,1
23.98388889,92.68305556,1
23.97222222,92.68333333,1
23.97083333,92.6825,1
23.94722222,92.68527778,1
23.94138889,92.68305556,1
23.94722222,92.68277778,1
23.94,92.68277778,1
23.93916667,92.68,1
23.93583333,92.67805556,1
23.935,92.67777778,1
23.93388889,92.67555556,1
23.93361111,92.67388889,1
23.93333333,92.67305556,1
23.93444444,92.66416667,1
23.93055556,92.65638889,1
23.95055556,92.785,1
24.00972222,92.76555556,1
24.06638889,92.78194444,1
24.06916667,92.78638889,1
24.0775,92.79055556,1
24.08222222,92.79305556,1
24.10027778,92.79583333,1
24.0525,92.66833333,1
24.05138889,92.66833333,1
24.04777778,92.66777778,1
24.05361111,92.66555556,1
24.05722222,92.66583333,1
24.06111111,92.59972222,1
24.06194444,92.59444444,1
24.06333333,92.59277778,1
23.63472222,92.855,1
23.69472222,92.85916667,1
24.18055556,92.69555556,1
24.24472222,92.69111111,1
24.24722222,92.69333333,1
24.26944444,92.69222222,1
24.19111111,92.60222222,1
24.17555556,92.57222222,1
24.17638889,92.57333333,1
23.72055556,92.80055556,1
23.57472222,92.85277778,1
23.59194444,92.84972222,1
23.59833333,92.85194444,1
23.60416667,92.85472222,1
23.60861111,92.85055556,1
23.62,92.85055556,1
23.62055556,92.85083333,1
23.64222222,92.855,1
23.65583333,92.86111111,1
23.73305556,92.75,1
23.73222222,92.75,1
23.73194444,92.75,1
23.74083333,92.74111111,1
23.74916667,92.7375,1
23.74972222,92.73888889,1
23.75972222,92.74083333,1
23.76972222,92.74472222,1
23.76944444,92.73583333,1
23.76388889,92.73388889,1
23.76055556,92.73194444,1
23.71583333,92.72,1
23.7413587,92.7075844,1
23.73888889,92.71472222,1
23.73694444,92.715,1
23.73722222,92.71972222,1
22.74694444,92.69583333,1
23.74916667,92.69416667,1
23.74194444,92.71305556,1
23.74388889,92.71222222,1
23.74722222,92.71805556,1
23.76583333,92.71527778,1
23.69277778,92.72055556,1
23.69777778,92.71944444,1
23.69972222,92.7175,1
23.70972222,92.72222222,1
23.69944444,92.71972222,1
23.68916667,92.72055556,1
23.70277778,92.72083333,1
23.7025,92.72138889,1
23.69805556,92.72277778,1
23.69361111,92.7225,1
23.67972222,92.72333333,1
23.67305556,92.72333333,1
23.66416667,92.72055556,1
23.66055556,92.72527778,1
23.66,92.72638889,1
23.65527778,92.72694444,1
23.65138889,92.72694444,1
23.64555556,92.72444444,1
23.64444444,92.72527778,1
23.64166667,92.72416667,1
23.64083333,92.72472222,1
23.6375,92.72277778,1
23.62611111,92.72638889,1
23.6325,92.72388889,1
23.62972222,92.72555556,1
23.67416667,92.72055556,1
23.66166667,92.72416667,1
23.61611111,92.71722222,1
23.61861111,92.72611111,1
23.60555556,92.725,1
23.58694444,92.8175,1
23.59194444,92.75055556,1
23.595,92.81611111,1
23.60861111,92.80972222,1
23.60972222,92.80916667,1
23.61361111,92.80777778,1
23.61222222,92.80527778,1
23.61138889,92.80333333,1
23.60972222,92.79972222,1
23.61222222,92.79944444,1
23.61222222,92.79944444,1
23.61277778,92.80083333,1
23.61388889,92.80083333,1
23.61611111,92.79944444,1
23.61611111,92.79777778,1
23.61472222,92.79583333,1
23.615,92.79222222,1
23.61583333,92.79111111,1
23.61861111,92.79,1
23.61972222,92.78916667,1
23.62333333,92.78888889,1
23.62361111,92.78888889,1
23.62527778,92.78638889,1
23.60638889,92.7775,1
23.60666667,92.76861111,1
23.60027778,92.75888889,1
23.60111111,92.75888889,1
23.60805556,92.74083333,1
23.59527778,92.71722222,1
23.59055556,92.71611111,1
23.59027778,92.71583333,1
23.58638889,92.71388889,1
23.58388889,92.71166667,1
23.57138889,92.70972222,1
23.57055556,92.70888889,1
23.57027778,92.70722222,1
23.55388889,92.70472222,1
23.55444444,92.70527778,1
23.5625,92.70777778,1
23.56555556,92.7075,1
23.55,92.70444444,1
23.53222222,92.735,1
23.53555556,92.72333333,1
23.53805556,92.71861111,1
23.54833333,92.71083333,1
23.54888889,92.70555556,1
23.545,92.70333333,1
23.54027778,92.70138889,1
23.53694444,92.6975,1
23.53611111,92.69777778,1
23.53555556,92.69694444,1
23.53027778,92.69666667,1
23.52861111,92.6975,1
23.52777778,92.69861111,1
23.52277778,92.70277778,1
23.51944444,92.70055556,1
23.51444444,92.69805556,1
23.51055556,92.69972222,1
23.50861111,92.69805556,1
23.50694444,92.69638889,1
23.50527778,92.6975,1
23.55027778,92.70444444,1
23.54305556,92.70055556,1
23.53972222,92.69944444,1
23.53777778,92.69833333,1
23.53805556,92.69388889,1
23.54361111,92.67722222,1
23.54277778,92.67638889,1
23.54277778,92.67472222,1
23.54333333,92.66472222,1
23.54166667,92.66472222,1
23.54166667,92.66555556,1
23.53944444,92.66527778,1
23.53888889,92.6625,1
23.53944444,92.65888889,1
23.53611111,92.65527778,1
23.52694444,92.65444444,1
23.52583333,92.63861111,1
23.45083333,92.6825,1
23.44805556,92.68333333,1
23.44333333,92.68527778,1
23.42722222,92.71277778,1
23.41694444,92.71805556,1
23.41,92.74944444,1
23.37972222,92.75166667,1
23.35694444,92.77027778,1
23.35638889,92.77027778,1
23.39166667,92.75527778,1
23.43194444,92.76083333,1
23.44138889,92.77888889,1
23.48555556,92.70305556,1
23.49083333,92.70555556,1
23.49861111,92.70388889,1
23.66194444,92.85416667,1
23.68277778,92.8575,1
23.68305556,92.8575,1
23.71388889,92.85722222,1
23.68638889,92.85833333,1
23.69305556,92.86055556,1
23.69472222,92.85972222,1
23.71416667,92.85805556,1
23.72722222,92.85472222,1
23.72972222,92.85305556,1
23.73111111,92.84638889,1
23.73361111,92.84305556,1
23.73833333,92.81333333,1
23.73694444,92.81361111,1
23.73472222,92.81333333,1
23.72916667,92.75888889,1
23.73,92.75833333,1
23.73055556,92.75861111,1
23.72916667,92.76583333,1
23.73027778,92.76861111,1
23.73222222,92.76555556,1
23.73794444,92.78613889,1
23.7375,92.78805556,1
23.73388889,92.79388889,1
23.72222222,92.79861111,1
23.72138889,92.79944444,1
23.72138889,92.85777778,1
23.72083333,92.86472222,1
23.71166667,92.87833333,1
23.71111111,92.87861111,1
23.70333333,92.87638889,1
23.73361111,92.84833333,1
23.73361111,92.85305556,1
23.735,92.85666667,1
23.73666667,92.85611111,1
23.73583333,92.85194444,1
23.74416667,92.85555556,1
23.74361111,92.85416667,1
23.76111111,92.84777778,1
23.76166667,92.85083333,1
23.76527778,92.85,1
23.76861111,92.85138889,1
23.77777778,92.8479,1
23.774,92.848,1
23.7775,92.84833333,1
23.77833333,92.84666667,1
23.77166667,92.84805556,1
23.77361111,92.84944444,1
23.82638889,92.8325,1
23.83277778,92.8325,1
23.83888889,92.83194444,1
23.84777778,92.83694444,1
23.85194444,92.83305556,1
23.86222222,92.83666667,1
23.87694444,92.84,1
23.87777778,92.84083333,1
23.88583333,92.85055556,1
23.89277778,92.85083333,1
23.89138889,92.84888889,1
23.89305556,92.84722222,1
23.88361111,92.85305556,1
23.88527778,92.8575,1
23.76972222,92.76,1
24.03503889,93.54139444,1
24.05808333,93.49808333,1
24.04531667,93.49220278,1
24.090025,93.54191667,1
24.10864167,93.54198333,1
24.12682222,93.54013889,1
24.12715278,93.53351389,1
24.17180556,93.54406667,1
24.18291667,93.53441944,1
24.18566111,93.53935278,1
24.24449722,93.55275833,1
24.24755556,93.54809722,1
24.28840278,93.58591389,1
24.29982222,93.59040833,1
24.30768611,93.58120556,1
24.30711944,93.59375833,1
24.33915833,93.66233611,1
24.33331944,93.65702778,1
24.33300556,93.65357222,1
24.3309,93.66054444,1
24.32773611,93.57937222,1
24.39255556,93.65468611,1
24.49112222,93.62215556,1
24.48308611,93.58860833,1
24.48458889,93.58781944,1
24.492825,93.58643611,1
24.51785556,93.55086944,1
24.52308611,93.57206944,1
24.48338333,93.58848056,1
24.450125,93.35963889,1
24.48857222,93.36792222,1
24.54263333,93.39741944,1
24.60002222,93.37166389,1
24.60067222,93.37223056,1
24.60372222,93.37223056,1
24.66895556,93.33700556,1
24.76606111,93.30076667,1
24.73838889,93.30909722,1
24.72074444,93.30899167,1
24.716225,93.32551389,1
24.70553333,93.33064167,1
24.60719444,93.46784722,1
24.60853333,93.41668333,1
24.77472778,93.30506111,1
23.09758333,93.21623333,1
23.10851389,93.20975,1
23.10172778,93.20231944,1
23.101925,93.20426111,1
23.10184722,93.20138889,1
23.09759444,93.21089444,1
23.09561111,93.20786389,1
23.10100556,93.19393611,1
23.10074722,93.18785278,1
23.09954722,93.18600278,1
23.0983,93.17597222,1
23.110975,93.21260278,1
23.25986389,93.16155278,1
23.25828611,93.15288333,1
23.26126111,93.15070556,1
23.25951944,93.15917222,1
23.27598056,93.14351667,1
23.27663889,93.14375,1
23.281075,93.144075,1
23.32829167,93.12184167,1
23.33529167,93.11214167,1
23.41421944,93.10569167,1
23.50882222,93.09170278,1
23.54130278,93.10256944,1
23.54600556,93.09247222,1
23.54286944,93.08539722,1
23.56332778,93.10553333,1
23.56785,93.10472222,1
23.56413333,93.11378889,1
23.56233889,93.11890833,1
23.56238611,93.12376667,1
23.56404167,93.10752222,1
23.56145278,93.10908889,1
23.55881111,93.10900556,1
23.5356,93.10656944,1
23.34297778,93.057775,1
23.35406111,93.04156111,1
23.35958611,93.04477222,1
23.36556111,93.05125278,1
23.36966389,93.04609444,1
23.05209722,93.12644167,1
23.03821667,93.12529444,1
23.54294167,93.23821667,1
24.55205833,93.25569167,1
24.56016389,93.24426944,1
24.599425,93.30004722,1
24.60921944,93.30050278,1
24.64528611,93.28593611,1
24.02205833,93.29369167,1
23.01689167,93.283175,1
24.02782222,93.28944444,1
24.04014167,93.2915,1
24.03980278,93.29373889,1
24.05823611,93.28901944,1
24.09210556,93.29866667,1
24.12428889,93.318525,1
24.297775,93.34159722,1
24.35137778,93.34095556,1
23.6385278,93.13694722,1
23.631219,93.118033,1
23.62418333,93.14208611,1
23.60360833,93.14173056,1
23.56672222,93.13764444,1
24.04014167,93.2915,1
24.56771111,93.14291667,1
24.57467222,93.14389722,1
24.57470833,93.13897222,1
24.57151389,93.141725,1
24.56917222,93.14073611,1
24.5606,93.13071389,1
24.55987778,93.12541667,1
24.08927222,93.12408611,1
24.10641389,93.12339944,1
24.10710778,93.11535444,1
24.10015917,93.10461389,1
24.11104722,93.10374167,1
24.10506389,93.09593611,1
24.10743611,93.09532222,1
24.10687222,93.08849722,1
23.24231111,93.17726667,1
23.24500833,93.17587222,1
23.24454722,93.17027222,1
23.20960722,93.13104722,1
23.21068583,93.1212325,1
23.49216111,93.23695,1
23.504575,93.23805,1
24.15364444,93.02183611,1
24.15817222,93.02488611,1
24.23419444,93.02469167,1
24.32836667,93.00923056,1
24.40520278,93.06672222,1
24.4259,93.13580556,1
24.44347778,93.15817778,1
24.44857778,93.15738611,1
24.65409167,93.204625,1
24.65018056,93.20256667,1
24.6273,93.20404444,1
24.62604722,93.22583889,1
24.58605,93.21056389,1
24.577475,93.19105,1
24.56062778,93.18938889,1
24.5716,93.17273056,1
24.56925833,93.177275,1
24.57296389,93.17700556,1
24.5768,93.106075,1
24.526075,93.05379167,1
24.458325,93.09439167,1
23.57722222,92.71222222,1
23.692391,92.723348,1
23.6868033,92.7251987,1
23.7002691,92.7181685,1
23.74247,92.705587,1
23.729422,92.716596,1
23.717553,92.716826,1
23.71577,92.713172,1
23.730243,92.75603,1
23.75024,92.736662,1
23.758901,92.730863,1
23.755925,92.726753,1
23.745802,92.717053,1
23.605091,92.72184,1
23.581766,92.713413,1
23.469247,92.744068,1
23.410771,92.753123,1
23.367366,92.767304,1
23.353485,92.780193,1
23.350187,92.778852,1
23.341022,92.776761,1
23.339144,92.786128,1
23.336229,92.787113,1
23.313871,92.792739,1
23.315355,92.790619,1
23.316491,92.788798,1
23.239637,92.748175,1
23.239077,92.745631,1
23.239137,92.744468,1
23.239797,92.744214,1
23.238785,92.744224,1
23.235716,92.744499,1
23.214239,92.740856,1
23.203253,92.735838,1
23.200475,92.735007,1
23.195661,92.73562,1
23.194007,92.734654,1
23.193468,92.734849,1
23.183856,92.735346,1
23.182152,92.734299,1
23.181806,92.736868,1
23.18077,92.735789,1
23.173606,92.739793,1
23.150939,92.748258,1
23.140846,92.751229,1
23.1351,92.748694,1
23.134009,92.746247,1
23.132082,92.746268,1
23.114694,92.743931,1
23.114225,92.746024,1
23.111824,92.745097,1
23.015005,92.765065,1
23.022804,92.755698,1
22.973735,92.725975,1
22.529731,92.896699,1
22.519716,92.891037,1
22.48765,92.886806,1
22.404215,92.951647,1
22.444376,92.947323,1
22.491822,92.970252,1
22.491,92.97076,1
22.469737,93.100868,1
22.437107,92.946912,1
22.54735,92.882032,1
22.641087,92.867635,1
22.660692,92.855602,1
22.688472,92.842907,1
22.702165,92.836523,1
22.706999,92.841597,1
22.745387,92.841543,1
22.788323,92.833817,1
22.793307,92.819831,1
22.866131,92.772713,1
22.903567,92.758702,1
22.903454,92.760096,1
22.904615,92.75705,1
22.922528,92.752404,1
22.895235,92.747812,1
22.88042,92.821692,1
22.892426,92.822937,1
22.902089,92.879909,1
22.967715,92.925677,1
22.971217,92.925544,1
22.969582,92.925917,1
23.077813,92.89844,1
23.081023,92.897247,1
23.084343,92.898597,1
23.170678,92.899334,1
23.180345,92.900082,1
23.187383,92.89826,1
23.187762,92.898034,1
23.188273,92.898879,1
23.193401,92.900218,1
23.198119,92.899566,1
23.223594,92.914767,1
23.225227,92.912496,1
23.32201,92.85822,1
23.322039,92.859147,1
23.319156,92.857722,1
23.317543,92.858683,1
23.318568,92.852294,1
23.323423,92.860926,1
23.319412,92.855415,1
23.319184,92.856725,1
23.309286,92.850807,1
23.10112,92.852784,1
23.309914,92.853522,1
23.315273,92.856524,1
23.311529,92.85443,1
23.31637,92.854172,1
23.310074,92.858498,1
23.309295,92.860017,1
23.308629,92.860039,1
23.308778,92.858357,1
23.300837,92.855693,1
23.300787,92.853572,1
23.305323,92.852358,1
23.30554,92.854877,1
23.304746,92.862109,1
23.298928,92.857435,1
23.310846,92.858915,1
23.311335,92.858026,1
23.307089,92.854209,1
23.3057,92.852802,1
23.307093,92.856289,1
23.307524,92.857678,1
23.305939,92.857538,1
23.303906,92.853173,1
23.301381,92.853078,1
23.299628,92.855609,1
23.298137,92.857412,1
23.293453,92.858089,1
23.293873,92.858395,1
23.298166,92.858694,1
23.346456,92.851511,1
23.3466,92.854847,1
23.291103,92.864843,1
23.301587,92.868485,1
23.313996,92.863984,1
23.321016,92.861601,1
23.3228,92.862406,1
23.286141,92.868152,1
23.281219,92.869608,1
23.274148,92.871011,1
23.272548,92.874296,1
23.271227,92.874544,1
23.270548,92.877577,1
23.67701,92.87895,1
23.243855,92.905242,1
23.286735,92.85703,1
23.284565,92.857096,1
23.281443,92.840145,1
23.280947,92.8367,1
23.288276,92.830821,1
23.293863,92.741368,1
23.295774,92.740012,1
23.30265,92.742945,1
23.307135,92.707624,1
23.306409,92.706083,1
23.306012,92.704212,1
23.300291,92.69577,1
23.299806,92.694901,1
23.299312,92.692614,1
23.297521,92.689449,1
23.30374,92.672816,1
23.304123,92.671521,1
23.306105,92.671296,1
23.306338,92.666573,1
23.32044,92.643229,1
23.301901,92.649401,1
23.246611,92.655112,1
23.2388,92.636923,1
23.234538,92.637234,1
23.206413,92.632701,1
23.197283,92.632661,1
23.174558,92.612556,1
23.1739,92.611378,1
23.173258,92.611929,1
23.17252,92.611434,1
23.172659,92.611828,1
23.198272,92.589291,1
23.198961,92.590043,1
23.199095,92.586671,1
23.199415,92.585883,1
23.200105,92.584517,1
23.200655,92.5813,1
23.201843,92.579666,1
23.202247,92.57903,1
23.203107,92.577972,1
23.203903,92.576807,1
23.204282,92.576174,1
23.204481,92.575792,1
23.205193,92.574684,1
23.214589,92.572672,1
23.212919,92.558022,1
23.207082,92.509726,1
23.195616,92.546251,1
23.19796,92.543304,1
23.190022,92.554302,1
23.21035,92.539589,1
23.208921,92.541174,1
23.208823,92.53749,1
23.206239,92.491221,1
23.20549,92.543278,1
23.219631,92.563324,1
23.204981,92.534603,1
23.206253,92.533605,1
23.209857,92.500587,1
23.206239,92.491221,1
23.199961,92.488796,1
23.17824,92.491031,1
23.180969,92.488193,1
23.180354,92.486971,1
23.182466,92.487731,1
23.204706,92.533825,1
23.251004,92.63667,1
23.234898,92.911307,1
23.225619,92.924909,1
23.223807,92.944448,1
23.21795,92.998007,1
23.217324,92.99812,1
23.19917,93.000199,1
23.1915,93.011024,1
23.183361,93.066742,1
23.241722,93.098254,1
23.229765,93.127521,1
23.2066,93.148665,1
23.197704,93.163019,1
23.198136,93.166988,1
23.177311,93.198157,1
23.148209,93.321183,1
23.14788,93.323791,1
23.486306,93.220639,1
23.544052,93.155591,1
23.545766,93.147931,1
23.5266,93.192968,1
23.667553,92.89259,1
23.527592,92.984969,1
23.700835,92.877449,1
23.760466,92.848969,1
23.807952,92.834037,1
24.285871,92.94599,1
24.288014,92.946017,1
24.354658,92.925511,1
24.365715,92.930137,1
23.747519,92.853155,1
22.82104167,92.63873333,1
23.65701389,93.02799167,1
23.74035833,92.71311667,1
22.87355833,92.75595278,1
23.72949444,92.77544444,1
24.80375556,92.733375,1
22.87355833,92.75595278,1
24.27899722,92.642375,1
24.73197222,92.75988889,1
23.70166667,92.71944444,1
23.74190833,92.74161389,1
23.68416667,92.85708333,1
23.71688889,92.72083333,1
23.74150833,92.70785833,1
23.92322222,92.49222222,1
22.49086111,92.98086111,1
22.48541667,92.98238889,1
23.88591667,93.20961111,1
23.70213889,92.71822222,1
23.60722222,92.72505556,1
23.60722222,92.72505556,1
23.60830556,92.85058333,1
23.61372222,92.85188889,1
23.2034,92.7379,1
23.2029,92.7371,1
23.2029,92.7369,1
23.2028,92.7368,1
23.47,92.7215,1
23.4688,92.7208,1
23.4672,92.7193,1
23.4731,92.7119,1
23.4761,92.7066,1
23.4785,92.7043,1
23.4785,92.7041,1
23.4807,92.7025,1
23.4855,92.7033,1
23.4912,92.7055,1
23.4946,92.7044,1
23.499713,92.7015,1
23.500156,92.701436,1
23.504006,92.699247,1
23.239287,92.74818,1
23.237356,92.744978,1
23.233349,92.744075,1
23.230114,92.740067,1
23.229731,92.73968,1
23.226843,92.740266,1
23.225357,92.74039,1
23.206029,92.740123,1
23.204595,92.73861,1
23.202738,92.736174,1
23.202224,92.736123,1
23.202096,92.73698,1
23.201584,92.736877,1
23.201447,92.736703,1
23.201281,92.735108,1
23.201335,92.734857,1
23.201614,92.734453,1
23.201759,92.734328,1
23.200073,92.734654,1
23.199924,92.73481,1
23.198568,92.734368,1
23.197825,92.73502,1
23.197177,92.735661,1
23.196642,92.735456,1
23.193237,92.734819,1
23.191775,92.734778,1
23.191747,92.73459,1
23.189242,92.734475,1
23.187473,92.734547,1
23.188245,92.734327,1
23.187661,92.735055,1
23.18675,92.735178,1
23.186501,92.735632,1
23.186296,92.7356,1
23.186133,92.735682,1
23.184091,92.738895,1
23.185555,92.736061,1
23.185396,92.736019,1
23.18351,92.735641,1
23.183268,92.736695,1
23.181667,92.736374,1
23.17884,92.736546,1
23.174341,92.740855,1
23.176777,92.738013,1
23.170376,92.739585,1
23.170205,92.73929,1
23.16864,92.740342,1
23.168362,92.74061,1
23.165872,92.741435,1
23.164812,92.743396,1
23.164443,92.742682,1
23.164169,92.74339,1
23.163136,92.7444,1
23.162899,92.744032,1
23.160443,92.743261,1
23.160357,92.743677,1
23.160261,92.74337,1
23.157803,92.743652,1
23.157418,92.744221,1
23.155456,92.744778,1
23.152289,92.746243,1
23.151833,92.746339,1
23.151191,92.747211,1
23.14968,92.749277,1
23.149588,92.749562,1
23.149163,92.750431,1
23.149094,92.750808,1
23.147798,92.749742,1
23.144687,92.750609,1
23.143591,92.749751,1
23.141589,92.751435,1
23.141474,92.750577,1
23.141077,92.75109,1
23.139887,92.751646,1
23.14016,92.75191,1
23.1378,92.749869,1
23.137565,92.747197,1
23.136964,92.74724,1
23.135979,92.747589,1
23.135813,92.74814,1
23.134961,92.747843,1
23.132035,92.745362,1
23.131844,92.744715,1
23.131999,92.744413,1
23.130578,92.743046,1
23.129048,92.742692,1
23.127505,92.740257,1
23.125686,92.740507,1
23.125271,92.740646,1
23.123517,92.739803,1
23.121323,92.741086,1
23.119722,92.742868,1
23.119344,92.742996,1
23.119163,92.743039,1
23.116585,92.745325,1
23.118272,92.742799,1
23.11239,92.745417,1
23.11349,92.745057,1
23.113126,92.74564,1
23.112284,92.746288,1
23.108018,92.746279,1
23.10565,92.745979,1
23.104623,92.747711,1
23.104711,92.747784,1
23.103993,92.74869,1
23.10357,92.748737,1
23.100785,92.751508,1
23.099615,92.752199,1
23.098261,92.751461,1
23.09459,92.753733,1
23.092076,92.752286,1
23.091619,92.752299,1
23.089822,92.751916,1
23.08373,92.757679,1
23.082149,92.758285,1
23.074255,92.76222,1
23.07006,92.764514,1
23.069585,92.765797,1
23.067473,92.767201,1
23.065772,92.767979,1
23.06533,92.768329,1
23.063838,92.769004,1
23.061745,92.770105,1
23.056424,92.772983,1
23.054573,92.772578,1
23.050965,92.772524,1
23.047367,92.772849,1
23.046442,92.772974,1
23.045557,92.772557,1
23.046939,92.772748,1
23.044434,92.772583,1
23.04345,92.772408,1
23.040669,92.772823,1
23.040051,92.773327,1
23.038879,92.773703,1
23.502513,92.697754,1
23.725778,91.645694,1
25.5,93.67,1
25.51,93.7,1
25.51,93.7,1
25.51,93.71,1
25.51,93.71,1
25.51,93.72,1
25.51,93.67,1
25.51,93.67,1
25.51,93.67,1
25.51,93.67,1
25.51,93.67,1
25.51,93.68,1
25.51,93.68,1
25.52,93.73,1
25.52,93.72,1
25.526,93.766,1
25.53,93.74,1
25.531,93.762,1
25.53633,94.23894,1
25.538,94.135,1
25.54,93.74,1
25.543,94.357,1
25.546,94.274,1
25.546,94.27,1
25.548,94.188,1
25.54831,94.19192,1
25.549,94.286,1
25.552,94.149,1
25.552,94.36,1
25.552,94.362,1
25.552,94.289,1
25.553,94.148,1
25.554,94.148,1
25.55408,94.23669,1
25.55697,94.15322,1
25.559,94.284,1
25.562,94.168,1
25.56292,94.14544,1
25.563,94.165,1
25.563,94.147,1
25.563,94.14,1
25.56544,94.17208,1
25.566,94.258,1
25.566,94.168,1
25.566,94.26,1
25.569,94.283,1
25.569,93.872,1
25.57,93.871,1
25.57086,94.17047,1
25.571,94.253,1
25.571,94.166,1
25.571,93.871,1
25.572,94.168,1
25.572,93.787,1
25.57244,94.17178,1
25.574,94.332,1
25.575,93.777,1
25.576,94.351,1
25.576,93.783,1
25.576,93.878,1
25.578,93.805,1
25.579,93.87,1
25.58194,94.35,1
25.586,94.288,1
25.588,94.292,1
25.594,94.314,1
25.598,94.31,1
25.598,93.848,1
25.607,94.321,1
25.61,94.139,1
25.61092,94.20064,1
25.61275,94.21517,1
25.614,94.493,1
25.615,93.944,1
25.61597,94.09208,1
25.616,94.484,1
25.617,93.941,1
25.619,94.206,1
25.62,94.332,1
25.62067,94.21483,1
25.62067,94.21483,1
25.621,94.11806,1
25.621,94.212,1
25.621,94.335,1
25.62153,94.19439,1
25.622,94.206,1
25.623,94.113,1
25.623,94.354,1
25.623,94.336,1
25.624,94.206,1
25.624,94.361,1
25.624,94.348,1
25.625,94.335,1
25.625,94.345,1
25.628,94.211,1
25.629,94.273,1
25.629,94.274,1
25.629,93.855,1
25.62978,94.19514,1
25.63,94.014,1
25.63,94.259,1
25.63,94.103,1
25.631,94.203,1
25.631,94.257,1
25.631,93.999,1
25.632,94.257,1
25.632,94.25,1
25.632,94.25,1
25.634,94.255,1
25.635,94.253,1
25.635,94.252,1
25.63669,94.21986,1
25.638,94.109,1
25.63861,94.115,1
25.642,94.201,1
25.644,94.107,1
25.645,94.034,1
25.645,93.992,1
25.646,94.033,1
25.646,93.843,1
25.647,94.378,1
25.647,94.361,1
25.649,94.121,1
25.649,94.441,1
25.65,94.03,1
25.65,94.122,1
25.65,94.122,1
25.65072,94.03294,1
25.651,94.119,1
25.651,94.097,1
25.651,94.121,1
25.651,94.119,1
25.651,94.12,1
25.652,94.121,1
25.652,94.122,1
25.652,94.03,1
25.65275,94.032,1
25.653,94.123,1
25.653,94.121,1
25.654,94.122,1
25.654,94.438,1
25.655,94.234,1
25.655,94.438,1
25.65653,94.09061,1
25.657,94.439,1
25.65747,94.08611,1
25.65778,94.05683,1
25.659,94.112,1
25.65967,94.09297,1
25.66,94.096,1
25.66083,94.10278,1
25.661,94.054,1
25.661,94.388,1
25.662,94.453,1
25.662,94.096,1
25.662,94.108,1
25.66264,94.11353,1
25.663,94.10439,1
25.663,94.097,1
25.664,94.101,1
25.665,94.104,1
25.665,94.216,1
25.665,94.096,1
25.665,94.215,1
25.665,94.104,1
25.665,94.214,1
25.666,94.244,1
25.666,94.258,1
25.666,94.09,1
25.666,94.09,1
25.66667,94.10972,1
25.667,94.035,1
25.667,94.253,1
25.667,94.094,1
25.667,94.254,1
25.667,94.211,1
25.667,94.051,1
25.667,94.089,1
25.667,94.089,1
25.667,94.21,1
25.668,94.464,1
25.668,94.107,1
25.668,94.051,1
25.66806,94.05525,1
25.66897,94.04664,1
25.669,94.091,1
25.669,94.218,1
25.669,94.104,1
25.669,94.192,1
25.669,94.051,1
25.66917,94.10722,1
25.66969,94.06267,1
25.66977,94.11269,1
25.67,94.113,1
25.67,94.109,1
25.67,94.211,1
25.67,94.062,1
25.67,94.397,1
25.67,94.382,1
25.6702,94.456,1
25.671,94.21,1
25.671,94.14,1
25.671,94.217,1
25.671,94.209,1
25.6715,94.06942,1
25.672,94.218,1
25.672,94.101,1
25.672,94.106,1
25.67222,94.11083,1
25.67286,94.08883,1
25.673,94.101,1
25.675,94.397,1
25.67661,94.02364,1
25.677,94.104,1
25.677,94.241,1
25.677,94.08,1
25.677,94.0202,1
25.678,94.101,1
25.678,94.109,1
25.678,94.122,1
25.679,94.458,1
25.679,94.07,1
25.679,94.108,1
25.679,94.096,1
25.68,94.287,1
25.68044,94.07336,1
25.681,94.285,1
25.681,94.387,1
25.68176111,94.06811944,1
25.682,94.052,1
25.682,94.131,1
25.682,94.094,1
25.682,94.12,1
25.682,94.096,1
25.683,94.099,1
25.683,94.038,1
25.68375,94.12436,1
25.684,94.119,1
25.685,94.12,1
25.685,94.059,1
25.68525,94.12347,1
25.686,94.119,1
25.686,94.043,1
25.68625,94.043194,1
25.68658,94.05319,1
25.68667,94.06361,1
25.687,94.062,1
25.68703,94.12442,1
25.68772,94.14044,1
25.688,94.137,1
25.688,94.12,1
25.688,93.907,1
25.688,94.121,1
25.688667,94.097333,1
25.691,94.121,1
25.692,94.11,1
25.693,94.043,1
25.694,94.107,1
25.694,94.103,1
25.695,94.108,1
25.695,94.077,1
25.695,94.459,1
25.695,94.349,1
25.69506,94.11203,1
25.69583,94.10833,1
25.696,94.318,1
25.696,94.32,1
25.696,94.104,1
25.696,93.924,1
25.696,94.079,1
25.697,94.464,1
25.697,94.105,1
25.697,93.916,1
25.698,94.085,1
25.699,94.427,1
25.70106,94.14167,1
25.703,94.338,1
25.703,94.137,1
25.706,94.466,1
25.706,94.468,1
25.707,94.466,1
25.708,94.386,1
25.71,93.74,1
25.71,93.74,1
25.71092,94.09306,1
25.711,94.09,1
25.71281,94.09194,1
25.713,94.088,1
25.713,94.088,1
25.713,94.309,1
25.714,94.087,1
25.714,94.086,1
25.716,94.085,1
25.71611,94.08883,1
25.717,94.086,1
25.719,94.105,1
25.71906,94.10883,1
25.72,94.085,1
25.721,94.084,1
25.721,94.039,1
25.72194,94.0855,1
25.722,94.081,1
25.722,94.082,1
25.724,93.777,1
25.726,94.435,1
25.726,94.076,1
25.726,93.773,1
25.72628,94.10003,1
25.72739,94.10103,1
25.728,94.098,1
25.72894,94.0855,1
25.729,94.083,1
25.731,94.087,1
25.733,94.022,1
25.735,94.02,1
25.73572,94.08703,1
25.736,94.012,1
25.736,94.329,1
25.738,94.008,1
25.74,93.775,1
25.743,93.798,1
25.744,94.337,1
25.74467,94.08672,1
25.745,93.782,1
25.745,93.784,1
25.745,94.338,1
25.746,94.078,1
25.74697,93.98167,1
25.748,94.077,1
25.749,94.078,1
25.75,93.97,1
25.751456,94.850217,1
25.755936,94.846033,1
25.7578,94.7058,1
25.76,93.95,1
25.76,93.95,1
25.76,93.96,1
25.76,93.94,1
25.764292,94.714094,1
25.767683,94.709381,1
25.76939,93.80278,1
25.77,93.9,1
25.77,93.81,1
25.77,93.94,1
25.77,93.94,1
25.77,93.82,1
25.77,93.91,1
25.77,93.91,1
25.77,93.9,1
25.77,93.9,1
25.77,93.93,1
25.77,93.93,1
25.77,93.91,1
25.77,93.9,1
25.77,93.91,1
25.77,93.82,1
25.77,93.81,1
25.77,93.81,1
25.77,93.81,1
25.77,93.9,1
25.77,93.98,1
25.77,93.82,1
25.77,93.82,1
25.78,93.93,1
25.78,93.93,1
25.78,93.93,1
25.78,93.8,1
25.78,93.92,1
25.78,93.8,1
25.78214,93.80528,1
25.783939,94.856411,1
25.78417,93.80028,1
25.784961,94.789617,1
25.786061,94.931447,1
25.786311,94.796825,1
25.786425,94.796303,1
25.786433,94.519583,1
25.786594,94.922778,1
25.786692,94.829933,1
25.787211,94.834275,1
25.788378,94.96105,1
25.788847,94.856314,1
25.788911,94.855664,1
25.789856,94.95825,1
25.789861,94.850694,1
25.789933,94.849811,1
25.79,93.8,1
25.79,93.8,1
25.79,93.8,1
25.79,93.78,1
25.792131,94.95655,1
25.793333,94.958014,1
25.797781,94.770447,1
25.8,93.83,1
25.8,93.81,1
25.8,94.0,1
25.8,93.8,1
25.801608,94.935386,1
25.804908,94.932467,1
25.810964,94.527417,1
25.813064,94.971453,1
25.813294,94.968222,1
25.814272,94.968933,1
25.814525,94.806114,1
25.814625,94.971819,1
25.814822,94.950353,1
25.814897,94.970297,1
25.817164,94.975969,1
25.818947,94.8075,1
25.820367,94.820367,1
25.820664,94.912642,1
25.820689,94.767353,1
25.821589,94.708056,1
25.827011,94.733178,1
25.827106,94.907639,1
25.827397,94.907311,1
25.827608,94.783028,1
25.828703,94.726789,1
25.828736,94.728314,1
25.828928,94.898075,1
25.829728,94.792592,1
25.833644,94.518333,1
25.834436,94.795519,1
25.836419,94.526964,1
25.838592,94.788669,1
25.838681,94.788925,1
25.83889,94.15269,1
25.83986,94.15528,1
25.84,93.98,1
25.84,93.98,1
25.84,93.98,1
25.842358,94.702953,1
25.842531,94.787211,1
25.842742,94.503003,1
25.842897,94.786861,1
25.848194,94.916169,1
25.848958,94.755311,1
25.849947,94.916697,1
25.850458,94.530347,1
25.851617,94.528211,1
25.857789,94.523589,1
25.86,93.99,1
25.861553,94.820553,1
25.867083,94.614828,1
25.872444,94.950069,1
25.878183,94.946942,1
25.878525,94.947372,1
25.879925,94.632275,1
25.880069,94.628103,1
25.880908,94.653542,1
25.881489,94.962525,1
25.881797,94.654425,1
25.883108,94.919106,1
25.884003,94.792711,1
25.886089,94.542711,1
25.88667,94.78639,1
25.887303,94.788144,1
25.887525,94.797508,1
25.887917,94.795558,1
25.889897,94.811111,1
25.893797,94.821944,1
25.895111,94.650258,1
25.896244,94.758128,1
25.896511,94.646325,1
25.898825,94.629367,1
25.899767,94.640067,1
25.899894,94.624047,1
25.9,94.78917,1
25.901125,94.82785,1
25.905494,94.769017,1
25.905561,94.768481,1
25.911931,94.793292,1
25.914247,94.841489,1
25.915092,94.844003,1
25.915344,94.828308,1
25.915925,94.824992,1
25.919689,94.839167,1
25.920367,94.641739,1
25.920811,94.838889,1
25.922767,94.565056,1
25.9255,94.760419,1
25.934647,94.787967,1
25.938447,94.7843,1
25.939139,94.649311,1
25.940053,94.797197,1
25.940317,94.650583,1
25.940703,94.750969,1
25.940872,94.586361,1
25.941056,94.651019,1
25.941525,94.652408,1
25.944008,94.789414,1
25.944475,94.7888,1
25.948886,94.706133,1
25.954636,94.607456,1
25.955769,94.605419,1
25.956083,94.719475,1
25.958047,94.597519,1
25.962494,94.818667,1
25.962689,94.816972,1
25.963,94.614097,1
25.964283,94.619592,1
25.9645,94.632583,1
25.964631,94.574406,1
25.965394,94.571428,1
25.966581,94.565806,1
25.966742,94.502006,1
25.968006,94.574256,1
25.968233,94.684364,1
25.969225,94.634053,1
25.969628,94.634169,1
25.970169,94.503803,1
25.970531,94.574903,1
25.971456,94.818392,1
25.971569,94.511647,1
25.971736,94.576933,1
25.97175,94.504619,1
25.972325,94.509267,1
25.972636,94.511444,1
25.976625,94.579939,1
25.978975,94.512064,1
25.980008,94.580747,1
25.981228,94.572292,1
25.9899,94.5679,1
25.990158,94.508392,1
25.990339,94.507711,1
25.998183,94.5975,1
25.998217,94.504756,1
26.001972,94.183667,1
26.004528,94.039583,1
26.005917,94.039667,1
26.0075,94.021444,1
26.008333,94.032333,1
26.011075,94.523236,1
26.011389,94.022722,1
26.012139,94.523667,1
26.012889,94.044222,1
26.013722,94.009083,1
26.013806,94.530111,1
26.016528,94.171056,1
26.020603,94.50632,1
26.021083,94.040361,1
26.031742,94.547354,1
26.033098,94.542753,1
26.067889,94.224889,1
26.077167,94.542306,1
26.087917,94.098056,1
26.091528,94.100806,1
26.091861,94.101333,1
26.10694722,94.25328889,1
26.193056,94.2465,1
26.202972,94.213417,1
26.206528,94.223333,1
26.206778,94.215,1
26.2095,94.232083,1
26.212861,94.235889,1
26.213111,94.208917,1
26.213389,94.235778,1
26.216583,94.240556,1
26.226972,94.211806,1
26.231028,94.217083,1
26.232722,94.130806,1
26.232944,94.130639,1
26.23925,94.202222,1
26.24139,94.82056,1
26.27028,94.75,1
26.271389,94.453972,1
26.27647222,94.13175,1
26.28,94.13,1
26.282667,94.475667,1
26.286222,94.364167,1
26.29,94.11,1
26.2905,94.393222,1
26.29325,94.251806,1
26.299889,94.249667,1
26.318806,94.453611,1
26.33,94.279833,1
26.331028,94.279167,1
26.331333,94.280389,1
26.34417,94.83333,1
26.36083,94.84,1
26.37639,94.84056,1
26.38778,94.82583,1
26.38778,94.82583,1
26.39094,94.94406,1
26.395944,94.460056,1
26.39936,94.94553,1
26.40653,94.95814,1
26.40908,94.96308,1
26.41931,94.97369,1
26.42,94.38,1
26.471889,94.454667,1
26.49,94.37,1
26.49,94.36,1
26.5,94.43,1
26.54,94.44,1
26.55,94.44,1
26.55,94.44,1
26.6,94.49,1
26.61,94.5,1
26.62,94.5,1
26.70069,94.64383,1
26.70675,94.70475,1
26.70744,94.70858,1
25.7802266,93.936165,1
25.7746019,93.9148756,1
25.8816564,94.1902346,1
26.4231373,94.3822611,1
25.623067,94.114196,1
26.4527822,94.375268,1
26.4219453,94.3854377,1
26.4242282,94.3924136,1
26.42608,94.398916,1
26.017317,94.531348,1
25.471526,94.151784,1
25.6125,94.1272,1
25.7853,93.8014,1
26.247414,94.819895,1
26.111335,94.257114,1
26.08945,94.264217,1
25.71711111,94.08561111,1
25.712031,94.089791,1
25.7491204,94.0804548,1
25.7179491,94.0917724,1
25.770055,93.937873,1
25.771451,93.907041,1
25.660913,94.053659,1
25.770064,93.937891,1
25.771977,93.905846,1
25.493218,93.657921,1
25.76085556,93.94696111,1
25.76512222,93.94213889,1
25.76618333,93.94043611,1
25.79666111,93.80424722,1
25.646219,94.0334861,1
25.7439067,94.0824993,1
25.76305,94.078305,1
25.7641421,94.0777917,1
25.7641457,94.0781772,1
25.67776,94.1390317,1
25.6712978,94.1388109,1
25.65575291,94.1505873,1
25.5407188,94.1334216,1
25.8549806,94.1569166,1
25.72508611,94.07130278,1
25.71775556,94.07246667,1
25.66754722,94.08075278,1
25.60054167,93.92484444,1
25.60711616,93.92787222,1
25.77178333,93.90760556,1
25.77360556,93.80462222,1
25.77895278,93.80219722,1
25.77982778,93.800875,1
25.78017222,93.80064167,1
25.77561389,93.80086111,1
25.78117222,93.80404167,1
25.6721,94.231075,1
25.67186944,94.23065278,1
25.67291111,94.23135278,1
25.68611667,94.04302778,1
25.65587222,94.12442778,1
25.65823056,94.12258333,1
25.65852222,94.12213056,1
25.77368056,94.03548611,1
25.77601111,94.03071389,1
25.87653333,94.13359167,1
25.85442778,94.15844444,1
25.857991,94.159346,1
25.472137,94.151037,1
25.52036,94.1311201,1
25.52164,94.13426,1
25.525094,94.135798,1
25.538422,94.136039,1
25.5651,94.1390034,1
25.6032619,94.1122188,1
25.62154,94.1122,1
25.6291966,94.10177,1
25.6387,94.10979,1
25.648759,94.10616,1
25.6609,94.0536,1
26.45278,94.37526,1
26.423137,94.382261,1
26.42186,94.3852,1
26.425346,94.387013,1
26.383648,94.440751,1
26.384347,94.443397,1
26.387181,94.444132,1
26.379798,94.450751,1
25.62083,94.11572,1
25.88165,94.19023,1
25.73425,94.00119444,1
25.72125,94.03983333,1
25.68625,94.04297222,1
25.62509167,94.11405278,1
25.71711111,94.08561111,1
25.66772222,94.08908333,1
25.69172222,94.10319444,1
25.68077778,94.10619444,1
25.68616667,94.04130556,1
25.69422222,94.04538889,1
25.69422222,94.04538889,1
25.70247222,94.04666667,1
25.70497778,94.044275,1
25.70994444,94.04122222,1
25.71316667,94.03863889,1
25.72088889,94.04036111,1
25.72516111,94.03246944,1
25.73277778,94.02216667,1
25.73277778,94.02216667,1
25.73433333,94.01708333,1
25.73683333,94.00586111,1
25.68176111,94.06811944,1
26.27647222,94.13175,1
26.07256,93.928,1
25.78180556,93.80180556,1
26.10694722,94.25328889,1
26.09660278,94.368725,1
26.09686389,94.36771667,1
26.73052778,94.83911111,1
25.791802,93.803309,1
25.68866667,94.09733333,1
26.00197222,94.18366667,1
26.22633333,94.81302778,1
26.22480556,94.81236111,1
26.26336111,94.81563889,1
26.18302778,94.81619444,1
26.28908333,94.61005556,1
25.68002778,94.07266667,1
25.67005556,94.113,1
25.68436111,94.20497222,1
25.68133333,94.20877778,1
25.67275,94.21136111,1
25.66666667,94.19602778,1
26.526817,94.675462,1
25.570159,94.253552,1
27.172228,88.372,1
27.23772,88.51384,1
27.23924,88.48416,1
27.24144,88.60681,1
27.251639,88.531361,1
27.25677,88.55359,1
27.257083,88.65975,1
27.28408,88.54611,1
27.31892,88.16222,1
27.4097,88.54371,1
27.48603,88.53269,1
27.5091,88.53848,1
27.5152,88.56456,1
27.535333,88.497972,1
27.18822222,88.56238889,1
27.179,88.53313889,1
27.46166,88.52341,1
27.33208,88.50902,1
27.53533333,88.49797222,1
27.31583333,88.60666667,1
27.37027778,88.67361111,1
27.39305556,88.63527778,1
27.28081944,88.57090278,1
27.25941667,88.55038889,1
27.36473056,88.23727778,1
27.33825,88.60911111,1
27.27352778,88.57783333,1
27.39866667,88.62358333,1
27.39838889,88.62566667,1
27.39305556,88.63527778,1
27.25352778,88.60377778,1
27.5401,88.56929167,1
27.55314167,88.62179722,1
27.54975833,88.57530833,1
27.54810833,88.60807778,1
27.55236944,88.58208333,1
27.23166667,88.5025,1
27.27458333,88.55002778,1
27.25858333,88.46166667,1
27.33941667,88.60990556,1
27.3699335,88.4859279,1
27.28955556,88.37748333,1
27.25333333,88.53194444,1
27.2533846,88.5489504,1
27.28666667,88.55347222,1
27.24722222,88.60666667,1
27.17054167,88.38358056,1
27.26066667,88.53383333,1
27.31663889,88.45861111,1
27.32663889,88.61016667,1
27.33972222,88.62055556,1
27.37055556,88.61611111,1
27.39472222,88.62361111,1
27.3250091,88.4704442,1
27.25252778,88.52777778,1
27.61936111,88.66131389,1
27.25061389,88.46280278,1
27.32888889,88.60777778,1
27.68445278,88.7379,1
27.22122778,88.735475,1
27.38155556,88.63883333,1
27.32320833,88.60986944,1
27.12344167,88.24483889,1
27.34027222,88.61273333,1
27.19558889,88.62802778,1
27.236,88.75722222,1
27.20258333,88.65547222,1
27.28577778,88.5535,1
27.55704444,88.57932222,1
27.20683333,88.48930556,1
27.16993889,88.51481944,1
27.25225,88.60811111,1
27.24777778,88.5975,1
27.47888889,88.52861111,1
27.28847,88.30139,1
27.2535,88.54141667,1
27.30140833,88.3916,1
27.14871944,88.28128889,1
27.11955556,88.32275,1
27.190191,88.325507,1
27.32633333,88.59544444,1
27.11236111,88.32455556,1
27.37211111,88.61671944,1
27.28119444,88.58952778,1
27.24883333,88.60191667,1
27.21391667,88.60833333,1
27.2536,88.6043,1
27.39336667,88.52236944,1
27.25066667,88.53144444,1
27.26352778,88.19047222,1
27.24297222,88.47055556,1
27.19950556,88.32696111,1
27.238515,88.48812389,1
27.13689,88.276598,1
27.09725,88.3825,1
27.17748333,88.52165833,1
27.10570556,88.35308056,1
27.36552778,88.61596667,1
27.40251944,88.51868056,1
27.27872778,88.12502778,1
27.2525,88.4606,1
27.248882,88.476747,1
27.4432,88.6087,1
27.327977,88.152281,1
27.372611,88.541022,1
27.33787,88.609377,1
27.29166667,88.22,1
27.28777778,88.23277778,1
27.26063889,88.71438889,1
27.26616667,88.72697222,1
27.26544444,88.72252778,1
27.37441667,88.54505556,1
27.36977778,88.54466667,1
27.59027778,88.65394444,1
27.57502778,88.65402778,1
27.56111111,88.65452778,1
27.52838889,88.59972222,1
27.56941667,88.65272222,1
27.51491667,88.56313889,1
27.51444444,88.56777778,1
27.25102,88.460004,1
23.653556,92.035139,1
23.663361,92.015111,1
23.678056,92.038028,1
23.679,92.039278,1
23.691167,92.055444,1
23.692222,92.015833,1
23.693,92.054472,1
23.694139,92.013278,1
23.697694,92.071194,1
23.727194,92.242722,1
23.793444,92.125833,1
23.793444,91.552056,1
23.794253,91.553533,1
23.797306,92.120417,1
23.805528,92.120417,1
23.821,92.094417,1
23.828278,92.023389,1
23.85417,91.34361,1
23.882833,92.241583,1
23.890278,92.272528,1
23.892694,92.272667,1
23.953333,92.233139,1
23.980333,91.475278,1
24.003417,91.45425,1
24.012306,91.451778,1
24.028194,92.091861,1
24.0335,92.100694,1
24.039139,92.106944,1
24.048556,92.314306,1
24.066639,92.277417,1
24.068472,92.290833,1
24.069444,92.287167,1
24.069556,92.291361,1
24.070611,92.290944,1
24.071167,92.291694,1
24.106444,92.276389,1
24.107028,92.276667,1
24.129083,92.277667,1
24.133306,92.27775,1
24.134722,92.277639,1
24.139861,92.319167,1
24.141694,92.322306,1
24.142722,92.273583,1
24.165583,92.268389,1
24.212361,92.258111,1
24.228111,92.287417,1
24.240194,92.247861,1
24.325444,94.232583,1
24.781694,93.776056,1
24.791306,93.735667,1
23.9,91.75622222,1
23.89569444,91.76525,1
23.88888889,91.78888889,1
23.912,91.83852778,1
24.17072222,91.76697222,1
24.16966667,91.76686111,1
23.22966667,91.49532222,1
23.25229444,91.48825,1
24.477126,92.205369,1
24.48556,92.212277,1
24.489749,92.170312,1
24.320111,92.216955,1
24.314206,92.225824,1
24.309993,92.22714,1
24.352076,92.225188,1
24.356023,92.225478,1
24.4012,92.237233,1
24.413873,92.241309,1
24.414992,92.241894,1
24.419026,92.242991,1
24.43797,92.250464,1
24.4349,92.249371,1
24.437066,92.249961,1
24.033017,92.26034,1
23.91951111,91.87873333,1
23.802772,91.272189,1
27.122979,88.493949,1
27.123434,88.49125,1
27.123668,88.490259,1
27.124333,88.490674,1
27.124335,88.490691,1
27.1268377,88.26606856,1
27.12774708,88.27132512,1
27.12776067,88.27082082,1
27.1279257,88.2705402,1
27.12793847,88.26912787,1
27.482653966676654,94.3736978394446,0
23.585488747348627,92.76297022462774,0
26.83100987021782,93.13510172180236,0
28.00456090483552,94.57524449997771,0
28.318203974559317,93.68770811067152,0
28.01441247952345,94.8722299709793,0
24.788854330672578,93.20183755570477,0
28.18206254432276,93.82677704344523,0
28.425166194884863,93.43977939854516,0
27.242582189100276,88.4431326077424,0
26.724142028149256,91.44197743175953,0
26.817094071322902,93.73851777564481,0
23.169791609300198,91.57944396569643,0
26.13159193097537,94.44810087317835,0
28.283265352773384,95.30717522551117,0
26.16484432969887,90.48227116983375,0
29.248285849887342,96.10415084874363,0
27.070528894685868,93.0601686234483,0
23.94814128608228,94.03774434619581,0
28.808392487550247,96.19570144133046,0
27.678625489601558,93.08281169602061,0
27.7999106006724,92.99796847809876,0
28.553219346997892,95.83046196744016,0
22.584659489352898,92.58093045809944,0
25.5169708659788,93.18080819761049,0
25.998732151007907,94.87410333266831,0
25.237140347859548,92.87784999385507,0
24.4844402775827,93.54277707858245,0
25.127853171929896,92.40264178351532,0
27.42699713370683,94.34234760884529,0
25.36439053010438,91.98885660181497,0
26.12270067019561,94.76578287456714,0
26.02055060512141,95.04373125430254,0
26.41821885930333,94.35971986194147,0
26.414335845219846,93.83487803175782,0
25.095087569276906,93.49919215115865,0
23.736367980099757,91.73295855477056,0
28.569342068162143,96.27797187047594,0
28.214727169633722,94.62601238707215,0
26.713255912538916,90.49394939309343,0
26.734896046449325,90.47487909373943,0
27.518474986298948,93.19845138661968,0
28.221124682307455,93.4882619315651,0
27.931582576110454,96.10342587707603,0
27.811122421479,96.32370040064824,0
24.99839827677512,93.84691071837915,0
28.041832723235142,96.29814506895855,0
27.977587201609367,96.13502528063003,0
28.503886306979354,96.08359703453942,0
25.40423921355913,90.88131703000545,0
26.767771930912044,91.76955050114917,0
26.50231144801203,92.82001054032418,0
24.838984825058628,93.43259643110002,0
25.99237959479258,94.77538762818041,0
27.523887389590623,94.3166273346375,0
29.01712979753384,94.37951167581177,0
24.20496051645588,93.16326321857807,0
25.17533809021736,93.46452759208435,0
26.86729367100352,92.38349779716624,0
22.578202897576265,92.85788483922258,0
26.703494034045757,91.16330860912247,0
28.09941904763677,95.07346118031415,0
23.78270191985789,92.4788959017224,0
25.059084346265827,93.93249199754959,0
25.660676501992725,90.30594369499265,0
27.591728923745613,95.25120702792755,0
28.64882884093796,93.77162004994184,0
27.353229026890908,92.75754495545453,0
28.190826505119965,93.16264971574904,0
28.692344975151457,95.00311981987394,0
25.51239555598539,90.44889869622652,0
27.70348269175683,92.91285733128828,0
26.656890461168935,90.59372242628031,0
25.007594784352538,93.1131952717167,0
26.335767329488945,94.55064885318234,0
28.38772579690855,95.20935947696437,0
26.05018091966548,93.68325749727435,0
24.46971946306429,94.39665769034744,0
24.90539962934047,93.31794690417144,0
27.59959610841564,95.83289441105187,0
26.832964013349525,95.35636953746544,0
26.845084954435492,95.10255646997855,0
26.184422585759567,90.06134265514385,0
27.20414839415755,95.22161328697888,0
28.106024610481214,97.08125280909832,0
27.321174257199765,88.72676651830078,0
27.137539930821305,93.90877458051683,0
28.33926803277685,93.65655081275676,0
25.163972940221125,91.49592427190404,0
28.333867350351504,95.74271160175701,0
27.263179149966852,92.10617210757961,0
25.990279184331737,92.55749529882372,0
25.437392582894052,93.74980498782377,0
27.137501725652236,94.0841933542128,0
26.316773226076254,92.46126185165436,0
25.935709012687358,92.01232341534883,0
25.58407343376716,94.82384741862202,0
25.959890944485167,90.59103274315561,0
28.50804777344932,93.40887112952042,0
25.47267763854481,92.1530023258952,0
26.17591842398827,90.86857595949024,0
27.693170399586414,93.71207073116335,0
25.87287222802211,92.24743699547929,0
26.613833870274338,93.74321716630665,0
27.509883388395792,96.920216213584,0
26.409007815465127,90.75035270213729,0
27.230659058017892,92.28049738496135,0
27.869160602732713,93.88824015454472,0
25.13959617013107,93.1315379601476,0
27.576626274017748,93.36321111666436,0
27.12296657689484,94.59023168319766,0
28.23138696519071,93.41953970199287,0
25.480985325020796,94.13689831229658,0
26.34517630276958,93.97967648065837,0
28.062862478788137,93.18356270066333,0
25.363017362467847,90.96898916968189,0
24.981823722923757,92.84984025772513,0
26.023548873982215,91.89710815057713,0
23.351768418575418,91.41327928379712,0
27.63296094504683,93.89153725197365,0
25.237260846357607,94.57628452033087,0
26.522351538998652,90.26188358838942,0
23.131978965249292,93.19054164138198,0
27.33313007195349,92.79602934924732,0
26.088809652010788,91.61827355893354,0
28.55776783501421,96.13467657758368,0
25.993347280617478,91.25670940315035,0
26.09371910414273,93.12089358317114,0
26.24333584404785,90.20797135141959,0
27.77671572623201,88.42266684215554,0
27.544621820454545,94.64188008059276,0
26.93490044953482,95.72782710631697,0
22.21864568772943,92.73416567995025,0
25.898298896470255,92.30772837453401,0
28.354681825571213,96.09063740588842,0
27.34904058786434,95.15114413900575,0
27.560134335816905,92.09192396552393,0
23.035584367714264,93.00560778706692,0
28.493898040585115,93.83796947573292,0
28.722458543333268,94.38226547334963,0
24.540734536817443,93.53584875694015,0
26.748633274560166,92.00109095490257,0
23.439328274729437,91.62868217012502,0
25.57661882525459,90.24221991577394,0
26.244276961572496,93.4159000107973,0
24.00575354197324,93.33239584966992,0
27.10130326272342,95.01264631548835,0
26.508754715284528,91.32436520631894,0
26.73116696443257,93.84906957988436,0
27.040832336772766,94.78947318268365,0
25.257634194435614,93.46066419830358,0
28.00959755813492,95.03041812190563,0
29.213830978454546,96.09814291490613,0
29.219622449272663,95.57591528396803,0
25.36271722273307,94.33730736557585,0
27.000014362055442,93.50753797077172,0
28.12947629436662,96.85160818855077,0
28.14029892732166,96.561091588126,0
24.2142948996368,91.8505593667305,0
24.2306593075297,92.6432950888693,0
26.986056975235464,94.99827552877537,0
25.622820198162835,91.84886755103217,0
29.09383008034531,96.05405059884484,0
26.927975926313756,94.0447258309117,0
27.52214122179813,92.95784561426707,0
27.551847621165,92.48932693774861,0
27.795324016562958,92.83707155692807,0
22.760769931034,92.7487133848844,0
27.834533670116116,96.16244551541158,0
25.86443327393957,92.3182047814942,0
25.544813209513975,91.78777692321994,0
27.103546008298075,92.62114963260538,0
26.704516568115825,93.16720412059526,0
25.93296135105119,92.277527672063,0
27.221566711163113,96.0290690832868,0
26.83877831622272,95.24102193568096,0
25.338400173445397,90.160321231691,0
24.490807622214795,92.27549231775171,0
25.15182607253499,94.26473033698129,0
28.049340307993795,93.24254286505632,0
26.353721650945623,93.29157304655504,0
24.601186054054182,94.26691743735424,0
27.586609602819063,96.17289177941386,0
26.458670499186574,91.3180220041215,0
26.289400995575498,90.01221793377391,0
28.099444598123924,93.78027754826435,0
28.932242225515306,95.8097362314561,0
28.48654604063884,93.33608159188512,0
27.78643276347141,93.34804341757633,0
26.92172908225784,92.57783995210713,0
25.26682330179163,90.58027399297049,0
27.046264507954273,92.58696832994197,0
24.914755384475768,93.64633564440047,0
23.262302386912655,91.58651320729172,0
27.235804560990324,92.71509383532936,0
28.211786404450777,95.59107405105527,0
28.872623063884618,96.11665649107447,0
26.27314986895441,93.40262410800074,0
26.371830532183054,92.93788842680785,0
23.205390765911698,92.81117614875843,0
22.79819348473316,92.80618237423073,0
27.414227596400053,95.71091600718617,0
27.756422974897415,92.65732450818655,0
27.6179292325712,95.15561259319222,0
26.188352625900894,93.98450459315033,0
22.362785703757545,92.78159830379398,0
24.276140372188507,92.26059209684523,0
28.376898568000744,93.79376833407393,0
25.756185151298872,92.36209717854439,0
28.034639443675996,94.13998136168182,0
24.3598202808884,92.48352739367365,0
25.247087399273568,92.92647140099034,0
23.13474883178945,91.51736789388306,0
24.069070497774153,91.85501091102775,0
24.48655945802961,93.63280738164232,0
27.879688632169668,94.09737720633784,0
27.386792270728282,94.1844142420136,0
28.76109108693499,96.22165719302527,0
24.448891455724166,93.49042356732915,0
29.222834208644308,94.57844602066214,0
24.88987916036082,93.60606629015054,0
28.059993219488646,94.31181327753094,0
28.178708312247654,94.95723795693212,0
27.09840539343505,92.96073922327643,0
26.801962748155297,91.99260629143515,0
28.22507432951396,96.31944631928532,0
28.19666575890836,95.26109286991976,0
25.23392920272657,91.87465064845593,0
25.283038044068785,90.69083454662211,0
27.57345633173967,92.23252302488898,0
25.95895818671209,90.921523404707,0
25.414600460187494,90.66116457067955,0
24.813976239779542,92.97076441480135,0
29.21208454445957,95.69157569855939,0
28.94534945007265,95.90106713394255,0
26.83158369445782,95.45176232037238,0
28.184748683057787,94.55580976794434,0
28.223894813910505,93.17141378852558,0
27.413141454758875,92.97369472622626,0
25.170451842745866,93.79189945415273,0
23.75050378880793,91.92831816538376,0
25.899114392661414,92.78151192497879,0
27.456086061771465,93.91831205472667,0
27.74628772092748,94.92351176685364,0
25.43674861462292,94.54939167694803,0
25.38449381111448,90.77087672836198,0
26.026838473097925,90.39364437275215,0
28.634233029121077,94.99985090846114,0
27.41198652155399,88.75431505940384,0
26.045229531678622,91.03191891737774,0
24.246699062119134,93.67732612259172,0
25.146949785667115,94.49651888299952,0
27.820121359207267,88.33948775091103,0
26.20907038383555,93.70057554313553,0
26.259321898381934,92.98956636526475,0
24.93560703992657,94.11857898870495,0
27.476660674738028,92.70364034891831,0
24.852470850678504,93.29238428257676,0
28.347311810826675,94.70374711571161,0
27.91332531799113,92.7949363497076,0
26.09168347293449,93.76500244605603,0
25.326506075952555,94.40574900325296,0
27.81222637406826,94.02676574756465,0
28.67516945061311,95.96459050209472,0
24.219069573215528,93.02733911942602,0
26.897602380820008,94.78669430632452,0
26.76756116949499,93.43431849662961,0
26.840383687216917,95.2221858037942,0
25.07523323352344,94.01921958660542,0
25.248469969932643,92.5645797905972,0
27.46555917294777,96.10412888457356,0
24.72869087532862,93.2921822179117,0
24.341676246784058,92.39745173725744,0
24.831115737035272,93.79723765657045,0
26.287658894701313,90.95204717922596,0
27.68322062123913,92.69632279927234,0
25.813811192183273,92.7009682285876,0
26.863940225725017,92.43612824121486,0
27.415198120052164,95.19302311006001,0
26.23192658208105,89.84222327370564,0
29.00647985698593,95.1094373649909,0
23.438130770669023,92.79838419481888,0
25.505394306094285,92.30829696426115,0
26.502700304877546,92.85838985709313,0
24.408280239130487,93.77552877758689,0
25.94637998781119,94.67489406800658,0
24.71226642305071,94.3465011911391,0
27.936342780849046,94.83079640384949,0
27.8321027676591,95.30869918077137,0
26.287262715641123,94.7939077512425,0
26.674025479400854,93.83820859687032,0
28.867795309885636,96.21731458501436,0
27.477882970890875,88.59783633969764,0
24.38633233476932,94.23764679222282,0
25.894732102286284,90.96180190927261,0
27.74996344985259,94.78943731640382,0
26.781524484278826,94.52987670611701,0
23.79531979253477,93.25867339060373,0
28.96698244644632,95.48959683877469,0
29.124337804209368,95.57618028452579,0
25.269321339998037,90.42307003258475,0
25.545545871827265,89.91190668986661,0
26.573568106142613,93.52888101672987,0
25.936608799591006,94.00938080705866,0
24.357118022701687,94.08414652213737,0
26.26091419113338,93.04307794273801,0
27.38215648642038,96.81755462745461,0
24.92778407193792,92.66923378911463,0
28.90932889854327,96.25421601060255,0
26.028868856930206,92.65540111420898,0
29.0035593139581,96.0127779634127,0
25.393787506387905,90.43078697873719,0
27.89128404564271,93.34980757707608,0
28.383319166932203,96.44504310915309,0
28.163888688813138,92.85627404809678,0
24.99116755867474,92.73632142165982,0
28.676617834111823,94.62617323041307,0
26.565653964817628,90.07228544539413,0
27.567422954859357,93.70663061031618,0
25.06965526973905,93.17545849562246,0
25.483448205652525,93.06531407626588,0
22.40482487796753,93.16055619813092,0
25.744288487929992,93.3960624700591,0
22.624457937704243,92.8101615439307,0
25.80269545622994,92.30651007647536,0
28.012810057814416,94.81158045697431,0
27.55289528621754,93.44879564045807,0
26.800878997590214,91.96398703634495,0
24.767113161524613,94.4303912293529,0
26.920629135589436,93.08207125137649,0
23.283215583694293,93.0628774447042,0
25.92005970319586,94.85461669301249,0
27.008737343962025,93.13043772416466,0
27.705287278139895,96.32014624904104,0
26.438913527453334,94.62362786337519,0
22.364832109559636,92.74925071168009,0
26.439912799021315,94.3345202900357,0
26.65120614801796,92.02827396193499,0
29.02633201928665,94.32333950954515,0
28.0042365991845,96.61141769966417,0
27.39109396561146,93.26585376072691,0
24.804864699826826,93.02895692986249,0
25.79944950827602,92.68703272762254,0
25.055239808367133,93.30039369777732,0
26.298615774650298,91.93781720523198,0
25.697736430349245,94.1660256593791,0
28.123264699550347,97.09805621596522,0
26.769372810345008,92.6242210556089,0
28.312205952737,96.89763528407826,0
26.968968081084128,95.19755491575494,0
24.74871351268667,93.82034222036106,0
26.95797413080109,93.80797228969354,0
25.576589418241024,92.59845231488495,0
22.029228799221496,92.98916933642322,0
27.012749362837706,95.59076864996314,0
23.38450247196841,92.96132812622525,0
24.995764359874837,93.3236831068873,0
24.794345571911908,93.20804950866857,0
23.229856492569414,92.71129645573318,0
22.657723887807165,92.9773391243993,0
26.35801910494456,95.08395530430516,0
27.390027772074824,92.72008086837737,0
27.761742488860804,88.29085588451727,0
25.632275886616267,91.35717535679723,0
27.055360345177398,94.22302996939659,0
27.94612916936741,94.715962443995,0
27.296056161556876,93.97136793295454,0
24.136455765511663,91.65788315842306,0
24.206325646965418,92.64798899576914,0
25.109216892503575,92.5643935079107,0
26.40897171307965,89.8506172300094,0
28.077232712558043,96.09220055487405,0
25.63531527552002,93.42593368836633,0
23.764502413637953,91.54748082657929,0
26.397085566810702,93.14156557713285,0
27.070545934120176,93.18358665347503,0
27.271144627611307,92.1340711109657,0
28.103498868357768,95.49196088594937,0
25.019201394244487,92.70607748563947,0
26.706468151553047,90.2874878833014,0
26.89707628335277,94.73596545929956,0
27.878558479060047,88.70767080868491,0
24.95646171712044,92.7747900370825,0
28.866826233214027,94.51479406848092,0
25.98074445802318,94.01159739371857,0
25.783341811567148,92.8893367536012,0
26.308966678608368,93.41988083858216,0
25.294927787051392,91.68923027903777,0
27.752615943368504,93.54542086779905,0
25.706498839168734,91.2552377104838,0
25.366830940325023,89.95702286939732,0
25.574496050540503,92.48854261126903,0
25.237635961690547,94.56230814299023,0
28.330889958586642,94.10362443060754,0
23.68496298024011,91.8200224764339,0
26.561751700550648,89.8673145676545,0
26.396905879063603,91.6676241928429,0
27.601971825322963,95.6148536707679,0
24.393371897137218,92.31357877788491,0
25.91157409225469,94.02032314823278,0
26.43278693088601,93.75898665199796,0
26.357782870316395,91.28303744922992,0
28.303328538542857,93.81589993476183,0
28.064158587040676,94.64902900080189,0
24.178581909559504,93.78884364895377,0
25.78446037943363,91.94403126767284,0
22.977616084160534,91.61943875173911,0
27.158751781725403,94.07815064472791,0
24.307539694222644,92.25201041216452,0
28.07527951860294,97.07287050357093,0
25.743919444790905,92.6653415015771,0
24.008557229333476,93.06616887197345,0
27.528163415413175,95.21241445268421,0
27.351018516151342,93.14837334571804,0
28.187075192449164,95.07541044952917,0
25.3246836560591,91.289169790253,0
26.364700552404745,91.30847721907071,0
27.28910827895459,93.96074296541873,0
24.05545944327188,93.07707281745303,0
27.29393155308295,95.80053322474704,0
27.670819523232108,94.36932721242826,0
25.62366075270253,93.44046924805335,0
23.962380018686027,91.90629735076043,0
25.341687539534643,93.96880047112374,0
25.820498961134277,90.6278298421672,0
27.454452978075317,94.8835120338229,0
25.390286346058964,94.2556678216151,0
25.962068754959468,90.06007728738064,0
24.481953665137187,93.44524576428643,0
26.20077283862678,92.57479604968614,0
24.52699219988083,94.42871391012397,0
26.866408178077297,90.36615262555162,0
23.185765991315687,91.73818262293709,0
27.236006077568028,88.02257059795174,0
28.089526711263993,97.30154629336789,0
26.832031703197377,92.14952998011276,0
27.376996333597432,93.91664887271813,0
27.60287607208281,93.55467063241004,0
26.104851537707873,93.65275536828412,0
27.136498789823907,95.98300049910381,0
25.836571709113823,92.80214487890933,0
22.788537916344755,92.70870330009518,0
26.40990018506831,92.97853595663238,0
28.418446339091844,93.35544006298983,0
24.690100012933247,94.43238127526122,0
27.680244597004155,96.9847300700665,0
27.73775089641684,88.16924811054079,0
27.88016327182922,92.77477087169308,0
26.670604614998176,92.72248847647579,0
25.066542395805495,94.60975616437935,0
22.560383619013244,93.05635657059639,0
26.57635285197408,90.62070468467269,0
25.976862495922056,91.6854450048362,0
27.19820977826972,94.87436004576423,0
25.352074193512856,93.73571076341875,0
27.267634212031414,94.60683233956607,0
27.74575275215494,88.28832330658167,0
25.365816014863235,91.39771703544189,0
25.700058348954496,93.34139321041923,0
25.490496313881877,91.61257176729453,0
28.81832540777932,94.97501584009552,0
24.74575939858263,92.73181359421005,0
27.993413286546236,97.23817684042233,0
25.440295410681106,90.66619515487366,0
23.450272106261416,93.31244531276894,0
24.227232934138915,93.86623835318007,0
25.431509008620488,93.57457173274584,0
23.693559030357033,91.26892780893691,0
28.258596079522967,96.25849745105745,0
25.9273745056473,90.2512622234135,0
26.213405958213816,92.1014317306244,0
27.966913079094184,94.59955627725915,0
23.177110456338834,92.39352743949175,0
24.999415494106486,93.05033771667765,0
27.103225004911568,95.780838019354,0
27.184678960900932,88.3914806428647,0
28.18934512178251,97.24901917195079,0
24.741481500076752,93.937494661667,0
26.7918794990566,93.48651563995712,0
26.59990512912601,90.32286785600243,0
25.89726763219991,93.9417892054119,0
27.977082543086013,95.48434088812517,0
24.642684137018314,93.13111895301905,0
25.721004830223073,91.66335159403788,0
27.799246835908008,88.56314783143007,0
28.083326376935663,96.63509115619011,0
28.255948806905607,95.95788976315876,0
28.007503335551924,94.57042360914676,0
27.212395525554804,96.91992042326298,0
26.181689965159038,93.305885147871,0
24.265944434435266,92.62272484295742,0
23.58677542838573,92.96125789244152,0
28.84298387884104,95.29182026750746,0
28.31057662678357,96.10311457442015,0
25.30133521395477,90.50549831971166,0
24.790195429125188,93.14527768242252,0
22.7033814945798,92.51981556059633,0
28.44280556931092,94.13182271453849,0
23.22023558222739,91.54186477381957,0
27.448891774215564,93.15488776694215,0
26.410658615309135,93.78094917197264,0
27.374031714532528,94.87450695961263,0
23.09594319306064,91.40434465620493,0
26.92234269361642,93.65470749136118,0
25.620937022847073,94.22649075134225,0
23.921580677121092,92.38415363421498,0
24.527381785974953,93.10227058249278,0
28.734257494069933,94.72721645242589,0
27.964154944672885,94.38155103132353,0
27.8595470997722,93.86943834038343,0
25.87279302024765,91.95676643951603,0
24.093147949746157,93.04760152147978,0
24.82278936897252,92.57711693226312,0
26.520722909998845,94.53314755871554,0
27.552483897574128,96.66870278208938,0
24.049902571795887,92.63384373538977,0
25.076632631242,94.08092113688146,0
28.141157504443807,94.97763831575975,0
27.655916026298677,96.16440141752804,0
28.118940709585168,92.85617105251269,0
28.34680975927837,96.27855798343231,0
28.208593392487153,95.88038961706374,0
23.817680211368256,92.30322168767634,0
28.84905669836762,94.63629676463408,0
24.74319001450305,93.59668798749283,0
26.356846149600536,91.30028991970684,0
27.576651955540775,94.48792424554814,0
24.08544535157884,91.64628394170154,0
29.20192047479718,96.06966483689693,0
26.81216088778523,94.38305850639864,0
23.965137715872114,91.86194662071632,0
28.80002065797781,94.09799949566946,0
26.777243832890438,91.99637058954339,0
23.83655855940811,92.39957107398534,0
27.03655534653722,95.7613237582378,0
25.7896445858334,94.23885619783842,0
26.81187662147667,93.73775726246754,0
28.711001260433868,95.58383221581576,0
27.978555074863916,93.6529944608067,0
26.911129826047457,94.41182889258663,0
27.36835035417439,94.17347656641546,0
26.24517812646287,89.79766339479264,0
28.762474411566533,94.32828373381494,0
28.266608820999146,96.25188107142037,0
28.023560941958443,95.18420027443096,0
25.019579620084443,93.36505868570502,0
27.802278994852987,92.59588090819172,0
26.707608334480106,91.80447440171709,0
26.656427555297256,90.35142992001512,0
26.428264532601645,91.18819085300656,0
27.464632466579367,93.55578851651292,0
24.801794269082077,93.1571074794171,0
27.171990626406785,93.93762430973914,0
24.20621418361769,94.23236158782213,0
25.675559318514612,89.96479389973192,0
28.76513511171649,95.8639902628961,0
22.61799340208352,92.8226641927003,0
27.960006364970717,94.11186462797444,0
25.0710257465795,93.56572928616812,0
27.977810307958812,94.38961904918003,0
23.304189773480203,91.58222029568306,0
27.091253471345702,95.89505256587465,0
27.242554646277327,94.38525517639295,0
27.71638987947376,93.4331695313758,0
25.8768657764522,94.59818923203224,0
23.810807052084048,91.26258986972702,0
28.25452467127231,93.26109483653283,0
28.328373044621866,96.02040568071395,0
25.64013673520416,90.27687137683564,0
25.68322546934483,94.15441634323457,0
26.59907430578462,90.87574336435695,0
25.765742474611038,89.95687173358253,0
26.155683124479616,93.83841695204356,0
25.50079997041084,94.19008389453867,0
28.242733201265043,93.5474998094872,0
27.75113289681728,92.24734423163274,0
22.953297737893042,92.70161624248365,0
28.979083399224166,95.8976812770883,0
25.574540940748307,92.79096136895724,0
26.294186474361183,94.87940140667946,0
25.73392578897163,91.62839441756198,0
25.046323882162245,94.59286947335292,0
26.700802985719267,89.9008241620664,0
26.6374672387374,90.74396227718816,0
24.53868716218178,94.33303323414448,0
25.55525925528856,93.37666464864948,0
27.56843057025096,95.92187066317237,0
28.023266755608695,92.92630173015475,0
28.257149657005854,94.5043217233929,0
27.505391736122515,96.14233379290702,0
27.52736931129649,93.28860378140722,0
27.817208254387253,96.19193673732657,0
28.18641867298676,96.58082086000432,0
27.243012916957483,94.10045145085763,0
27.62291048014187,93.15083498914086,0
25.80720354705192,91.55822493364074,0
25.164949811829732,93.24468510641447,0
26.573053647764795,94.23448267697606,0
25.631880663890467,93.39583043025976,0
25.741679213274846,91.92233611966424,0
28.139042473511722,97.23553842602632,0
26.558697383784363,93.8513307334703,0
29.15660854078258,94.428708595768,0
26.005815717286055,90.67110339803817,0
28.798669671552165,95.74062605626311,0
27.761948324230172,96.14336193449704,0
25.98712814374811,94.61851960554333,0
25.396126289315443,91.13066167010402,0
27.917226772161555,93.25865040168648,0
26.267152725335528,90.15235014513175,0
23.886600199742567,91.66007389984775,0
26.68299653821946,92.08302694610424,0
25.96515366726772,94.0420775043501,0
26.59367977393331,95.11879488966784,0
26.34727142545986,94.60102675695525,0
27.699422891388735,92.12674992665703,0
24.913625460790364,94.22351181644875,0
25.50722706764004,93.02724261389994,0
27.941835180113777,93.14246223041165,0
27.923265073333575,94.86840197726707,0
26.105811512250312,93.23031285967653,0
26.430409181803284,93.06187687173743,0
27.571650630424177,96.50618057989601,0
26.801260451711386,92.8306297156453,0
28.354002922470855,96.01586118795397,0
25.411478903647417,93.17950167500292,0
25.606589617248673,91.12253543367008,0
25.331559591733107,93.80630904479418,0
24.240525058086384,93.50387026817634,0
26.19633177776103,91.43879306265893,0
24.320733700628516,92.03867857737949,0
25.993629196413863,90.48690603043372,0
26.319293691446582,91.82084061718152,0
26.091285085992286,93.12126265730271,0
25.437337459888212,92.81050597315662,0
24.92620802169768,92.73300113694748,0
28.009985617528688,93.78462713971332,0
23.18816278879583,92.84552003554847,0
25.57884163725823,91.38522976835743,0
23.586852008768265,92.5964571858376,0
25.47476445296524,92.28625167397955,0
25.82839684044453,91.55005167360619,0
25.604114741585043,92.54445285953605,0
26.48727563984805,92.72989627849546,0
28.044849930663958,94.7831492736461,0
25.563889416962883,92.51347388565809,0
26.45074896622272,93.31054604233056,0
25.35281401164615,93.56427866984053,0
23.669596880963354,91.63590774094205,0
27.839359574647236,92.74392398342286,0
22.824457147461253,92.54568287665276,0
28.167892120877276,96.4443492654594,0
27.7716428727855,94.1154861967474,0
25.868896249770504,91.49410596377706,0
22.266952021382572,92.99291894864044,0
26.373161096414705,94.98186144494768,0
27.671313520566684,94.56178488681525,0
25.530960466731937,90.1981049659246,0
27.881160329021675,93.44574874513056,0
26.866093266883965,94.47773593484986,0
27.62188842725203,91.89692566260614,0
24.72622817875451,93.22882391468768,0
27.477470245108954,96.04980841363768,0
26.901741447554297,95.04221433371528,0
25.30107138059366,94.58626237493627,0
26.08362533797164,94.5650732472547,0
26.560687938654603,92.91009103873353,0
27.29551939071022,93.62892215284133,0
29.057409864335522,95.7229499448758,0
26.758812909052462,92.13893207481964,0
25.822005342815732,90.19019048581583,0
24.913850175536417,93.5218274796398,0
25.836523341549746,94.93985512191098,0
27.982908798378702,97.00594112049583,0
28.533585521039413,95.6563811194998,0
26.26663783667356,94.53813556211242,0
27.73474161333081,95.13301497362772,0
25.40737907336419,93.52884358923299,0
27.01022791777605,95.73090237739694,0
25.52655191851628,91.33580538233099,0
29.067963077724826,94.43393480363099,0
27.026139252983718,94.24890185496282,0
25.569725245288083,93.84696678958859,0
28.690777102477035,96.17925299880719,0
25.53983230493839,93.09586824835566,0
25.72162162787284,91.71350955717095,0
25.402488351502825,94.49130854671685,0
26.31265379736699,91.07163404325799,0
26.551750965616826,90.45368564394012,0
26.068477083735193,90.24159431543838,0
25.487341266390622,93.7756784536425,0
24.693950931708493,92.70106513132879,0
25.19287798405722,91.59286737403258,0
23.26916958801241,92.7088469858031,0
26.17064167126152,93.35030859550979,0
24.93837548959845,94.5038359562131,0
25.325605400900173,91.15831018437376,0
24.65660639829457,93.27995041741447,0
27.006426757589118,92.59506210778126,0
27.48306751981227,96.37538218534975,0
24.479192822194012,93.94666826782743,0
26.791573024874655,90.56223677683055,0
24.673184612476074,93.52972024931677,0
27.417187616908407,94.23572671447165,0
29.01768420563276,94.599286689607,0
27.697331675763472,88.79496482091288,0
24.078716464676564,93.90161408773925,0
26.008426066741997,90.57320087088148,0
26.43740309359837,93.94454482091936,0
26.72539653798853,93.31411621978545,0
25.87954973440496,94.02426820652853,0
25.265439429425513,91.45091868723745,0
25.17945599061402,90.76598884192899,0
23.919204813978393,91.98163601834075,0
28.788272455394672,95.60399747662777,0
27.531238803895278,95.61559500157261,0
26.733235321283807,93.81934743689645,0
23.988095882836355,93.86657918268153,0
22.313565905525273,93.04137152108457,0
23.074071092587243,92.6522719840349,0
27.77753180266054,88.68341327720736,0
28.273386603477505,95.69495504540626,0
27.74421026118919,92.17642981972325,0
27.491292191538136,88.32737352017422,0
25.498480966514325,94.41828301669538,0
25.51688281784651,93.61707484422408,0
27.21817043060282,95.45256707110846,0
27.634875303787428,95.5847304743591,0
25.592378618847246,92.12509406608423,0
26.741764830686908,91.57557214655407,0
28.388457736826208,95.30733180323408,0
26.894264971817506,93.07883988866803,0
24.856259845288207,92.93889640708139,0
25.684548610508337,93.19645270184003,0
26.55371632625262,91.0449726140738,0
26.891494240410992,92.95536233076707,0
24.697186085964052,93.70864868150716,0
23.51098315329897,92.6318347283133,0
27.968441794255202,88.58297317080752,0
27.271646859456585,95.7550455602786,0
25.900112150963626,90.3508650057738,0
27.578407174043527,91.91531726905848,0
24.634038795834023,92.32457900723847,0
25.27410825487091,91.3243945306856,0
27.691220606794648,92.06011819369897,0
27.40285277332709,93.7317716168792,0
26.178214621506566,90.02339827883647,0
27.70268897442699,96.71863787166495,0
25.307881661741906,91.74522357643022,0
26.42369561424103,92.87816507924397,0
28.125883585681418,94.49608998782574,0
24.01686747573909,93.21709013513791,0
24.70267151645226,93.48493545605375,0
28.847933336237976,94.9148535807781,0
27.38563984157618,95.46608457389458,0
27.129868660983945,93.42925377171707,0
26.85279545708147,93.67431801242151,0
23.06576493982305,92.73520406630496,0
25.29370621535791,93.60692139261312,0
25.73858603247111,90.10008309138159,0
24.12091986740283,91.71920140441273,0
26.149250973466614,92.59851544702828,0
26.575974915389803,94.92803125712008,0
23.442852013867185,91.52647521212548,0
27.6426740964343,96.02880030201733,0
28.478189612091512,95.72205898072514,0
25.98901898204756,89.92820107133653,0
25.8780902886282,90.4438830859394,0
25.575251136651207,94.87403296418914,0
27.879399358427975,93.82155997085931,0
23.342999577162367,92.71874572157353,0
25.92437072615144,91.14809270337808,0
26.645470146451494,90.232810577044,0
28.050270320714212,93.89514350103317,0
26.11646190478708,90.64633157425186,0
26.549269651147018,93.89262638276534,0
26.02084072760018,89.95598832567187,0
22.982953670690044,93.10137584725264,0
27.96155641761381,96.1211466388313,0
28.560114913314244,94.84729736244047,0
27.700632843242563,96.28607191550262,0
27.678148976647527,93.76531487338427,0
23.948422928521047,93.34286876301273,0
27.118927373411104,92.49267592276314,0
25.720488040483698,93.69697448616898,0
29.357782254168235,96.16383768691074,0
25.627304591017342,91.06655236531508,0
25.3834804626375,90.33225957244649,0
24.294877179363297,93.76083342083372,0
27.527784130567813,93.59445261426093,0
27.86232584172677,92.90674019827964,0
25.84374784877804,91.73131674939114,0
27.47286176257967,93.25504759384752,0
25.824361339859742,93.94079429261707,0
25.11945094313092,93.7761507000484,0
22.350552691341424,92.87215147464003,0
28.99815538069871,94.5562060312923,0
26.382699350302744,94.71150526012549,0
28.767260569083966,95.49975756486597,0
24.671517991964873,92.93652312152182,0
27.721895874977,96.58802544857566,0
27.72468120274401,92.2074261377166,0
26.625371138987056,90.39173803690572,0
26.371763091630594,92.4843072797716,0
26.4563526179522,90.31279416635773,0
26.059281998843556,93.83849280679232,0
28.365880005123604,94.28248494355581,0
26.998130611604907,93.75693108256043,0
27.144307243285517,93.60538717794168,0
25.366870020816858,93.45495325010502,0
25.156039325060245,93.18708295615055,0
25.906589787196687,92.94431525723178,0
27.176788152740503,93.76599309642019,0
25.580042527417035,94.48607930200954,0
24.10138467770566,93.7358254735468,0
24.321903219192098,92.95131880900009,0
25.85129744511071,93.9521600541909,0
26.157674929823386,94.00523488957917,0
24.256307337088767,92.77551372870617,0
27.39178185585324,93.80302743679881,0
27.940102497850884,94.08183683609091,0
25.56373042260912,93.9083806237831,0
25.973064191519054,89.97013797312891,0
27.098998887042967,95.52842084803564,0
26.237194697039403,91.67449122492249,0
27.596061830084587,94.64224014958326,0
25.054783717909935,92.68493773595878,0
23.72851314238519,92.26052127236824,0
27.84745555791997,95.3240066995476,0
28.891244668846493,94.8976986604924,0
28.127378197224623,96.83028734530797,0
27.39309128435496,92.33066884655129,0
27.311109750457426,92.92268146094574,0
27.11073200600415,93.59898159964776,0
22.28728316113948,92.90606919617954,0
26.286701573006845,90.94666986077154,0
24.341931405902486,92.15908282512191,0
26.628265864205325,92.84480542023407,0
23.49472181953652,91.30553764092818,0
26.555399429045863,91.19668650742298,0
25.482752075204758,94.3623838261743,0
26.426393922430222,93.58458602139582,0
28.233010980056225,94.58677054603001,0
26.578371917709465,90.94946889645036,0
28.092032478250168,94.71398976041613,0
26.98894727441884,93.02740397492748,0
28.057481326712978,96.65793032237687,0
25.4642407982395,92.29509495680443,0
27.091357640625915,94.68877016083256,0
25.44257114222903,90.19040896217587,0
24.89077424685609,94.58911241857354,0
26.946127516449458,95.42730276850833,0
24.584950722079768,92.34827862096745,0
26.827750964060275,95.46163572453197,0
25.949433519936335,91.78024916315218,0
25.051565171654154,93.84891612293254,0
28.06549406412702,93.5677964273056,0
27.865388195863463,93.13120425497186,0
26.261327646708267,92.58694532809864,0
26.39660466756112,92.36394697297668,0
28.06663058977601,95.26340131428677,0
24.7916888596299,92.65899895433681,0
28.088958979416688,96.35309433227698,0
28.737860924122575,93.99234935096244,0
23.06302861462099,93.00644916270718,0
24.87501305325894,93.44522484465871,0
24.32272473791798,93.37326366195819,0
24.718776963284334,93.17217420892663,0
28.42171134664431,96.15021286890584,0
26.0425532482965,94.24009808207101,0
25.602908897440656,92.11790370374361,0
26.773500358227338,91.92162377048146,0
26.488920294627103,92.01420689046851,0
23.293177989806594,92.80113289518388,0
26.094717139689468,92.24303098621901,0
26.490002103430555,93.44529145576098,0
25.71600423612694,91.87445513765262,0
26.050436428980323,91.46207433644973,0
25.564011782967114,94.5034043672019,0
27.799162936475593,92.41997771287306,0
25.79829481100262,92.42339557708635,0
28.885432772782334,95.05735939249963,0
27.411161604875204,93.31150086392853,0
26.638591731845636,90.70858014676354,0
22.5610034143262,92.76523407344735,0
25.252831297261736,94.00590348314881,0
24.53704755710473,94.04995845301036,0
23.201384640193798,91.76077433192864,0
27.602742159979336,93.01834094916386,0
28.849139085053586,96.08136367226975,0
27.57762864734408,94.91530012401401,0
26.370724244822057,89.84476501688762,0
23.29407564466786,93.16021126131228,0
28.683265171513728,94.55187700672474,0
23.846620920980335,92.40199229332066,0
25.255765079651592,92.63480797718128,0
23.28297882661708,92.6379619333293,0
28.808252381459738,94.73750645609516,0
26.23992598963291,90.36809921100522,0
28.960911663584902,94.26001101734106,0
25.632847838937842,92.11153532546444,0
28.292275621674044,95.35358685939642,0
27.850749812236735,93.0898591560228,0
24.641225742216683,94.42198133444994,0
24.955029545525843,93.95606051688159,0
27.708708722620734,94.10195728780796,0
26.68600534214881,91.38960649567922,0
26.402492135547682,92.61140782086287,0
22.41411623797557,93.09383868754536,0
24.255993735433233,93.03168232764214,0
28.014227587031897,94.28549194402197,0
25.389692612714732,94.38665493927533,0
26.86071529813854,92.4420767364339,0
22.740278315910256,92.68577496795768,0
28.04747195970503,97.24549881447695,0
27.90884955601926,95.19651182076036,0
26.403544442306785,91.1662742180028,0
25.064452675919608,94.55791358106892,0
26.10493506111092,92.13601004468785,0
28.016546299960726,95.27486366875635,0
26.755308765113508,92.92965657454037,0
23.29470642554998,92.71157134429136,0
22.82439254609984,92.99651467302354,0
27.66822046418079,93.08604356582187,0
25.211338212110924,91.15490804240792,0
27.999551831629237,95.14180199267572,0
27.369252582326673,93.58412011539838,0
23.600727081289897,92.43992047893032,0
26.741562770872974,93.76105166145356,0
27.434085825293945,94.93283591872294,0
22.19306469852463,93.00518859963178,0
23.750106825071544,93.26243657281417,0
24.166130998875648,94.10052489642577,0
28.396682221197445,95.0372555644362,0
27.74879861736853,96.23029982146465,0
24.72778974233706,92.37698883799834,0
27.919213358097927,95.41708567929308,0
29.054447455861364,94.35445944307571,0
24.691442605522283,93.83254613495752,0
22.794664127390465,92.51045464253073,0
25.599338367554196,92.96345841695155,0
27.044925176043897,93.02148667825098,0
24.13959408283853,93.84963459647302,0
27.96004226540158,96.8993011639952,0
28.02696270869628,96.85709805766975,0
25.85868667620103,93.90909233414607,0
26.791781779014727,91.88248240631998,0
24.51986409700902,94.08558770511777,0
24.395791492731675,93.59023603748162,0
27.184570568884276,95.92674548094024,0
25.290997398090628,90.87089626062419,0
27.733105062466343,88.4571822081778,0
24.59759480919326,92.29831338545686,0
29.264298811530438,95.90252787654609,0
27.15443448781008,94.27646317569646,0
23.328543780823175,93.30004131824022,0
24.984738313013167,92.70714633194171,0
25.506647544966736,90.73689013215093,0
25.267284997557255,94.4907109772852,0
27.446298617385434,96.47448284158608,0
26.766499406638236,93.49692805272191,0
25.992080794182286,92.19990427665411,0
25.791705211973078,89.84029369542793,0
24.33145550527887,93.70041566812114,0
27.41779676782678,92.18826904521862,0
23.50380115846819,92.47397740676152,0
25.05963375966265,93.23730779347039,0
27.285292999517303,95.11205612449056,0
24.813201812133947,93.2190057130349,0
26.149137176906827,92.36905522419451,0
25.07952291441526,92.6363564045689,0
27.55109727726073,93.47468946902872,0
26.66627986276815,92.48739745738901,0
25.797261948007495,93.42014676417563,0
27.604252259037118,93.12354709448739,0
28.505966103284937,95.78493015491512,0
27.098625745872585,94.48318735556535,0
25.839744770925698,91.51889278335308,0
25.58934486213359,91.2114848222543,0
25.89605420323699,93.01434404060134,0
26.0876638441378,95.12204885710132,0
28.08899746206233,96.37626523655298,0
27.84057492000799,88.74311235834189,0
27.77030239550984,95.13170594245653,0
27.9084996893908,92.83933929466559,0
26.96423338301799,95.10553707400273,0
27.8280901243174,96.66177541214158,0
23.33069048202064,91.31696426292635,0
25.707767960734927,94.86115898370562,0
23.759973513398847,93.37287776370059,0
23.5506995732353,92.75206544770863,0
26.37566334782798,92.14545398603065,0
27.243779402806986,93.24970031431927,0
26.458515594952505,90.94539150384658,0
26.10875943548479,90.74405468013778,0
25.519939225338057,94.39655638311615,0
25.23682626530753,94.20306657163951,0
24.955100961546496,93.56391431815513,0
27.3097281214059,93.48270675434256,0
26.785453596104723,91.77478795959027,0
25.521064246349916,93.68243817928715,0
24.983844746688174,92.56722819614686,0
25.68247614525037,93.91938434762892,0
24.819700058233266,94.39724500829256,0
27.59658516550092,95.22794934570346,0
26.92289213976243,92.62097578011459,0
24.772313783189556,92.33337458650584,0
27.253775980232554,92.63253137600346,0
27.020212263902472,94.21745245887124,0
27.098102301288506,93.39144266231901,0
25.753304470277108,91.6915865327074,0
26.583070633153174,91.32852790013891,0
27.524693085074432,88.26523174560195,0
26.817451097679932,93.58247506384582,0
24.468499654798865,92.73865323772156,0
26.56717739979419,91.4278966143041,0
25.221268572230148,92.68397208494402,0
28.316997780797024,95.41198837452897,0
28.26466558731095,93.04948672708743,0
25.51686542075613,89.9840196387394,0
27.928041218494627,94.13715517373252,0
25.198083901469474,93.08815636269807,0
23.445800452767944,91.7942040823946,0
26.643460019550332,92.27295137513892,0
28.432713976355714,93.43499593475495,0
27.52582857068112,92.40518599535523,0
25.20420999270098,93.33415775273417,0
26.656965980611037,92.9219737181002,0
24.199886551108747,92.10524746297114,0
26.80209695684973,90.42309503243722,0
26.464858138409216,91.82771684448701,0
25.433262622883248,93.27501490683456,0
25.222335585950855,94.09377392601618,0
27.987393790774536,94.20421766142178,0
29.038190834591685,94.8205520795629,0
27.46767133618056,96.78245365541423,0
26.337624771528525,91.67810474427623,0
25.247490945724593,90.40297116583484,0
26.376418747722983,92.62199310534047,0
24.321913664696744,91.9961310251152,0
28.27288747456697,94.23761515683758,0
29.020776895327064,94.50514525673519,0
26.099818748870735,90.9196489856879,0
28.46464736930865,96.07470307119694,0
28.558828930602143,95.22013554362202,0
28.46082159794681,95.75086057359685,0
27.339020539144975,96.25438577793467,0
28.113099988392648,95.76217022275543,0
27.196752054639305,92.77217547389061,0
24.588077931694727,93.6725724048879,0
28.061824006330117,94.94793940067149,0
26.66853933417297,90.96151240949072,0
28.19121944592944,95.18649856464053,0
28.314185617347825,94.45880928292488,0
28.162223838084618,95.52835818832236,0
28.88729796232728,94.0955096234507,0
25.35460307002545,94.3446553980329,0
28.384758296476292,93.65345964972323,0
24.72189905571172,94.444837336924,0
27.15567091148327,94.46914114061143,0
27.308540094387503,94.67219949996009,0
26.442278881822606,95.0462344294705,0
26.603527560029526,90.85609057698302,0
26.308730473231332,90.45924026251662,0
24.328140904525455,92.99862772556662,0
28.500219505921333,95.85996563467211,0
27.568089227755607,96.71948504699702,0
26.887717885809906,95.51605772862058,0
25.591606319965955,92.64671623628334,0
28.305740955348803,96.1614903514587,0
23.206612172319375,92.79476731634774,0
26.347793636917153,93.49801803989233,0
26.235735950166262,91.92692120957673,0
26.90367164741277,92.28072477208651,0
26.223473421850144,89.99932091646275,0
27.603725895654033,94.16091489443176,0
22.847678919470237,92.62656663105787,0
25.525680663288753,93.30539806906128,0
28.043508288894756,93.78304603398246,0
25.20708065736191,92.01714858086233,0
25.42848498622935,90.12024333590175,0
25.667789122675874,93.93055737248113,0
25.88871613599898,90.74512351620851,0
26.218354107708816,90.39427012765645,0
23.311321128168498,91.70636904674329,0
25.36431362526739,94.31316193974176,0
26.634779021806494,90.50420056770022,0
29.215482292882303,96.20346862072839,0
27.562113292352475,93.69078060152256,0
25.530799690069674,94.51570934327391,0
26.469788890844132,92.58781193959001,0
24.654851070878344,94.34647064367452,0
26.821518074307676,94.12026252472077,0
25.219743383253533,93.89765144618714,0
24.204719649890347,92.36880818965645,0
27.22772807526932,97.0732256683334,0
26.34439845584064,89.90504817807442,0
26.68444614630696,94.71581468581937,0
29.311567899684725,95.98980796021706,0
27.487222939335012,93.61357095025795,0
26.111684260218695,90.74579572478473,0
25.60889332014734,92.58196919219431,0
26.388146604419124,93.76074334981253,0
27.047631682280134,95.68967676534848,0
25.611941181173226,94.72707196283062,0
25.916042895915425,91.97942844104236,0
25.502337441516573,92.66363955755487,0
27.189468878751548,88.20795504039393,0
24.492473706210156,93.67242378984533,0
28.280369491591195,94.18811852450004,0
27.293858831030917,97.03502656002055,0
28.209728395105074,94.33992928615852,0
27.468455724892245,95.49492983623355,0
27.95892234839126,95.9514069795735,0
26.619967916819945,90.66760847542037,0
27.578858305971288,94.28304812421948,0
27.13393627334876,92.85727787305397,0
26.978528593668802,94.65294485470224,0
29.069960339869407,95.75473780305853,0
24.138530179814307,92.16286454231428,0
25.747370803416928,94.89874049728517,0
27.610865007599358,91.97677431031174,0
27.653651404097516,94.21836979155985,0
27.308792723773813,94.22011321063145,0
25.851843547698014,90.79232738011338,0
24.9654756527042,94.4129090804859,0
26.10646055001149,90.8731588262827,0
27.529512435139328,96.5596177226824,0
27.210395594811573,92.20677577612298,0
23.483855852205107,93.13024926199063,0
27.87302555022275,94.14185801686888,0
27.39706534059298,94.96924761564343,0
26.09272895274187,92.91319624217769,0
26.39916698831483,90.2810824646943,0
27.766279640520448,94.84193635927622,0
26.658704922441956,91.34459883042467,0
27.485570117628303,92.27218575046204,0
28.67075160029629,93.91349323886301,0
25.953520769560182,93.61083881601202,0
27.846291146355288,94.73237517680582,0
27.000714306757057,94.72764210626897,0
25.85100278520663,90.34024523946029,0
24.407385524926934,93.48694096205823,0
25.524276215308753,92.20654110428912,0
24.719313731629395,92.95944442536505,0
26.367075434802455,92.89072081892014,0
25.69416782050987,91.99275508943799,0
23.540367649924985,92.46215558877586,0
27.55810188388819,96.88712031121952,0
26.46762725150702,91.85360517246608,0
24.22234692994305,92.5803201490536,0
28.67010460168603,96.36997459276124,0
25.082671619915615,93.39942238733961,0
27.820402670938247,92.47975327043548,0
27.358945210528216,93.70635575859211,0
27.67441422808097,92.75741049437191,0
25.409002585571464,92.2419369895748,0
23.692238545857844,91.72930440038151,0
28.63842231139177,94.93033476776728,0
27.26242642711389,93.38941741239893,0
27.931857095247913,94.66228834744474,0
26.149677285458452,89.82127353091984,0
26.59634918261963,93.43511144793041,0
23.365415384161953,92.48547014842065,0
28.012852741534918,93.71712041714356,0
25.228992317464357,91.9129842739734,0
26.564524932828746,91.07026622994444,0
27.6005286844237,93.52134722156786,0
25.003659441435413,92.56383131837808,0
23.793791735099205,93.22690708638348,0
25.985483099130146,91.99585972630496,0
26.697970657267632,93.51316959612433,0
27.50306220742516,93.30562839170972,0
26.128049770108127,90.63941704390282,0
25.190948945755576,93.75087293813164,0
25.347154047197044,90.32421688717285,0
25.40044696033998,93.64810962311776,0
28.677745270783248,94.62375390756912,0
27.67828261994771,93.07108380679942,0
27.865226120576892,94.11422220992955,0
28.202225959356845,94.32588285709267,0
28.056956241036104,95.79099198343454,0
27.71967964999279,94.56481685373426,0
26.556752777102737,90.86240000023156,0
25.656398042805595,91.42474624392288,0
26.223050432598303,92.65633083775306,0
26.092723955656233,94.21519474970226,0
26.197498593877583,94.42713156739282,0
23.89394941214217,93.36975615991226,0
23.655684397780615,92.92959166746164,0
27.155386864502916,93.02229561410161,0
23.843500178099642,93.27775015045225,0
25.451528202115465,91.41038846757125,0
27.652366954384508,96.32057697999177,0
25.101387911261178,92.23189820858885,0
26.399371458418813,93.89988837197875,0
29.04109158416341,95.30482095706493,0
26.646356602831123,93.45465409506879,0
25.265876667674956,90.84634897233659,0
27.03932714656552,93.269685188033,0
28.562373030854364,93.83345896352506,0
27.83229201497383,92.28092451685396,0
26.736780220320316,90.42158593892606,0
25.286241099045096,90.29812280756907,0
27.938380571528228,88.58100840742145,0
24.285615546372114,92.10956554322254,0
26.353532221674186,94.38874703728979,0
22.371406826172507,92.77944541288291,0
28.225489030808482,96.08462126252165,0
26.96629334023985,94.54367920314863,0
24.432209516499483,93.44973084191822,0
28.603344540075074,94.76981005183968,0
24.497474629644323,93.2250035254184,0
28.03216983654967,94.22525608910854,0
27.927741466942557,96.21763216342173,0
26.79478862774856,92.79872262361035,0
25.692365142886462,92.37672083024435,0
27.1668552819592,94.73985240670942,0
25.663798672488454,90.53485636770284,0
24.755536971818486,93.18784337600245,0
25.285345529615146,91.31735236566969,0
26.334885372313053,92.38598819533085,0
26.61457516265751,92.01794992746062,0
25.458785142418936,91.8567347638573,0
26.784123174246744,95.39999034823909,0
28.077904849122408,94.43799603602271,0
27.602407284143652,94.96707405736517,0
24.993740447568328,93.46423616845989,0
26.87183091866335,92.44945012330129,0
23.06351562639403,91.74912219905168,0
25.5106180493231,92.86139444135156,0
27.855212247724012,95.13440638666403,0
27.377585800202947,92.34977757020282,0
25.326486808759142,93.26205914954431,0
24.759998420538672,93.44124873415433,0
25.094503562421828,94.4588979068223,0
25.98599769484457,91.07768154653834,0
26.680152064449707,93.68090921523519,0
24.879931131000262,93.03685764321148,0
26.226156980627714,92.25703364390915,0
22.372426846246324,92.88683539590845,0
22.773488250771397,93.05530562008443,0
29.128009711508454,96.1503995363555,0
25.721620190708684,94.45018476678912,0
26.275961484560135,94.94328792326922,0
25.374161090165714,94.59571083126899,0
28.713090268505386,94.90524622228976,0
23.320624537663207,93.35764803431279,0
24.000454526552605,93.91667862474492,0
27.193454239629364,94.80339549673693,0
23.575079620280306,92.65140736044333,0
24.39358431126748,92.25139949611989,0
23.842337771066994,92.76963787254113,0
27.166674963960595,95.06028166011895,0
27.574506269187307,92.56935627172106,0
24.153745051675532,93.03839230277643,0
27.68674027639437,94.38012455790248,0
23.095239842744725,91.378569024944,0
27.183658300240428,95.87591931864597,0
28.04740269276055,94.03821804567042,0
27.33167837861036,96.44473400379684,0
27.75312366185092,95.22364512012769,0
28.58004303537862,95.50387446155597,0
26.17000697496903,89.79420752726669,0
23.498800378405203,93.10465500468662,0
23.54892797670054,91.36436797344768,0
28.074293255548955,94.12219122821053,0
22.706279196652503,93.05275347816247,0
29.39468665634835,96.00718741793241,0
27.180444755026176,94.38498821395268,0
24.438991208953176,93.98502286943943,0
24.462010483231815,93.73289922923648,0
26.342973387801337,91.60685553780324,0
26.76107549964118,90.197283234448,0
27.493506850698104,95.13087596165926,0
24.033193476950956,94.06256433245666,0
27.66344635233599,92.9088437413073,0
23.76318302374075,93.08217924670306,0
28.763268787722986,94.2637729488787,0
27.354946878934594,93.72847980632564,0
28.195731206247203,96.77189913426074,0
24.087579048667028,92.22634902746996,0
26.723534896984365,90.56799633032036,0
27.819947929738607,88.76455192386113,0
25.742824685142306,94.92107815299043,0
27.66217132894563,95.71707529926198,0
27.91228837817528,88.19859353763509,0
27.65113727934981,96.67525980890476,0
25.429435953059727,92.27647188160812,0
24.76336037611689,93.70932300486905,0
25.708260105209856,94.83099535109874,0
24.748293604757027,92.61440249256344,0
26.764513086911705,93.5427797763144,0
26.196757624826297,89.83820828946615,0
25.223577619230486,90.41192514459924,0
28.81184052668254,94.80185290879963,0
25.775305066985894,92.605666843306,0
27.12154722026549,94.55941415472145,0
26.688531460054698,94.37112313884373,0
27.189145129679467,94.07884103893835,0
23.906790249740798,92.29402893051603,0
27.742305096421763,94.07004075982373,0
26.727873406264774,95.31367290858533,0
27.57491300396857,96.75501742022166,0
27.18045484969653,92.94728375434086,0
26.8659056533411,94.90334997375712,0
23.224217186152522,91.53428328376363,0
25.01657343686238,93.90496721213852,0
24.5150432948732,93.51774985448786,0
25.536649162435282,94.33708373037366,0
22.66886234792831,92.9225843635521,0
29.02185137151247,94.2644522903648,0
27.19544316490735,94.82981851028144,0
26.593697359519233,94.20614846168422,0
25.516346587922722,91.89597089220308,0
29.146451023166897,95.65141479820888,0
24.389912145943278,92.18907558411045,0
26.50648202774465,91.77412674384139,0
28.390495089586857,96.52175149964987,0
25.85392119228686,93.38845697206517,0
27.608948532876802,94.21431750268823,0
28.93136220696291,96.49774024015952,0
23.878928166537115,92.48985668146221,0
22.961729900496092,93.0373532597679,0
28.952529545416187,95.21634229585078,0
26.460697445854652,94.06617854784803,0
26.772441486183,93.29452040558347,0
28.3832778302728,95.61219983606236,0
27.51358548295985,96.82264286501574,0
24.68717529153547,94.3981644588509,0
27.93491653648171,92.89830125210955,0
26.46775839014486,90.10060885485201,0
29.03614203142645,95.88264552946184,0
25.701734062052935,92.2969784466616,0
26.94740756589179,95.54493215525025,0
27.230502906230033,93.64215570776258,0
27.25726095786903,92.50847377895886,0
27.45395684073411,95.6307298963665,0
27.211241128874246,88.50651028664673,0
25.608954569565004,91.69556337598577,0
26.063807326890345,91.1841955910639,0
27.642526607164484,91.68856214518654,0
25.912548056131612,90.67308574303964,0
28.335629117393367,94.68286314011337,0
27.473981730594637,88.09820930749845,0
27.403528811841998,93.42408004631761,0
26.83261565076799,93.59056632734325,0
23.752695199910498,92.6057049215011,0
27.146423767777314,95.4888434206913,0
26.89599167163596,95.323446612273,0
28.449165480637777,94.12563126959797,0
24.011290051897493,94.15274747281296,0
22.56195787815687,92.61127518381257,0
26.97330801957967,92.80426875816332,0
26.249604349338245,90.58551914185526,0
27.54954484229073,95.4796168364615,0
23.302955775805582,92.56401902211432,0
26.79121445921738,92.08896285947097,0
26.124897034149896,93.05496504373873,0
25.84524146561676,93.50905566698462,0
27.311649612779593,95.43941993136738,0
23.294232966506428,93.22704168792333,0
23.153293074711826,93.30012561421117,0
24.676155844207468,93.13026674014586,0
27.831333865093594,94.20879445908638,0
25.28846857186423,93.43714089273243,0
27.171309269980732,92.92570266891161,0
25.990554484924765,89.98496295409964,0
23.565936383714444,91.38776437308552,0
23.85297018650652,92.01081511153484,0
27.16689815826437,93.05014754870953,0
23.38973571275275,91.51069611982729,0
26.886954573087834,95.7255771487221,0
26.49279748870638,91.95763728983582,0
26.757956268530712,91.42305702319176,0
25.62486395127554,92.9848683268605,0
26.090895495662632,93.7228747039389,0
29.27403551134476,94.6632619288232,0
25.719770506912493,90.60524304354024,0
28.573282154219545,95.66461505944388,0
26.11059488207431,92.64541880394644,0
25.130901169419438,92.79424651058719,0
27.439953110918378,92.5213826031921,0
28.623651729352027,94.5728244055049,0
24.991580269793342,93.8057842762632,0
28.795286618051474,95.02438213046892,0
27.314742375107496,94.61709869081767,0
28.13659649788589,96.28795198288218,0
25.914557351499894,93.73910627575552,0
25.879975787172416,90.12812442345682,0
27.494353050389922,93.35977893584945,0
25.42496365271118,93.81952865669686,0
25.61468787705968,91.35654426290294,0
26.572463408400885,91.10092237153235,0
22.87206786107002,92.5942951218696,0
23.641611384239148,91.72894432996927,0
24.19243046734413,92.03899891852659,0
27.538742847470232,96.48222269206275,0
23.940422942241423,91.9708812389514,0
27.69278856707982,96.3014383236954,0
27.48988141114631,92.09528036183747,0
24.11853866933098,92.58035496249406,0
23.087708272556377,92.81828813480843,0
28.03566711203085,94.60349837135709,0
26.71505635726161,90.16869351857667,0
25.14835640910538,93.8074834343272,0
26.706271992263378,90.18790310943947,0
24.47008302277939,92.51705168235426,0
25.77722665172509,94.06511266686043,0
23.53536301201413,92.4499593540555,0
25.920206639605592,91.50552606394787,0
28.80499824554019,94.16364914149052,0
26.053542841373194,91.23578406046038,0
26.08301925705858,90.38623432736075,0
28.54082767418761,96.0351376660661,0
27.338567905773367,96.57483086106348,0
27.918548270408223,94.53448319648244,0
27.514593789012096,91.74901449708761,0
27.589947652674255,91.62357928451183,0
27.80552263132514,91.78055453638451,0
27.266531020612824,92.94832922235618,0
27.270299115453522,93.20287433770119,0
27.89018265824808,94.05138758836009,0
24.555005723321024,93.70118382318958,0
27.249279351938515,93.17583981506633,0
26.541996918568614,91.06410365386648,0
27.552634183497386,91.60318536024157,0
26.713764531184307,93.19090635035359,0
23.962954624695058,93.48031126712002,0
28.018963303716195,95.09000199158513,0
25.631635636182253,94.86986296774442,0
24.90673230701328,93.72621314121817,0
25.904526308011615,94.8443370549029,0
28.020918275949498,93.68364223819347,0
28.16067078369298,95.18915941294277,0
25.555677004456857,93.3034630391994,0
24.17326603370191,92.82113255648838,0
28.594627160348185,95.74697899504685,0
23.280161177227427,92.99916204976914,0
26.452660261353206,94.39939725787201,0
28.835534794997045,94.23299273221389,0
28.960822184822263,95.63355722717863,0
27.293268019229576,88.73027305785672,0
27.368803910859555,95.3969144741115,0
25.129760590107317,94.53088749524689,0
26.861638692671942,90.32402734083529,0
25.090833295472244,92.68538764578234,0
25.957148184409498,93.01790476457136,0
26.31232053756245,91.9778887600369,0
26.28908431385164,94.53162184771367,0
27.571552138044982,94.62181399639252,0
28.46328949482318,95.71149743937141,0
24.737300763846825,94.60591251791263,0
28.24251462673156,96.19531044832397,0
27.535988000593264,95.04496802613897,0
27.820760595958635,94.54805466102505,0
27.592996681804298,92.7436063830264,0
26.598905775666235,90.07019675895509,0
24.297076016275504,94.0464777816524,0
27.98589671948347,94.09119013646253,0
24.063902854388594,93.1033883908027,0
26.092017948731897,94.01355828963437,0
27.598335121241654,94.8342173752801,0
29.26915041579966,94.61771063544722,0
26.359068255776997,91.60441452001052,0
28.59596793517147,95.6030677018675,0
26.863640040449155,95.2397339216463,0
25.825671708105887,94.86272464559293,0
28.643214552699057,95.29002008321844,0
27.82112642621752,88.83178186336745,0
24.048176648922706,91.42783983918964,0
25.50175781353311,90.4191436913684,0
28.537685808648504,94.12545403767967,0
28.389749714928296,96.63396904997869,0
28.298194672679948,96.96209333808993,0
24.75234403254052,94.42541404635976,0
25.747715589789852,90.48307796355463,0
28.52924616083567,94.42874831914148,0
26.610721175523825,94.06505278349698,0
23.130681801292436,91.76580942541713,0
27.22541561073335,92.48907785402433,0
23.112132797955024,92.43030641104978,0
26.758248973349133,91.02228516176713,0
25.518604287493943,94.48773581791993,0
27.833369999118645,93.62568907101681,0
26.579854796110368,91.05561905067691,0
27.53055737267397,94.93791622149006,0
25.102246164348482,93.14586296013368,0
23.190100529434748,91.56159356400298,0
27.20303587563188,94.11247748119534,0
25.371834538635305,91.87021546854459,0
24.59074868212131,93.11184042551442,0
26.41714042447693,93.11462169334003,0
27.12200826489622,92.1250345377984,0
24.071740570137642,93.84423137187335,0
28.902524717685097,96.0685939249357,0
26.5779582480166,91.87860877044221,0
25.282320423702277,93.47626699067064,0
25.361542067998062,91.59471409887254,0
23.411807829141175,92.42660915415861,0
28.114429551187957,94.62878584354277,0
27.517889083391395,88.08385111769897,0
23.09432823756402,91.53197405842123,0
28.086501179976423,95.7211230050927,0
26.455175339638064,91.16238437374759,0
28.175629663934167,95.54530715383892,0
25.83301910601632,92.12416889182482,0
25.735031549646394,93.94824436341256,0
27.842468219725987,95.93730093343888,0
26.661179812139583,90.45866185333114,0
25.232029917177186,93.92430173629809,0
25.354591003652736,93.94881519909961,0
25.969540144416307,90.31788217231842,0
27.810465491305294,95.4016345317829,0
27.737935553285926,94.2097356156225,0
26.662080116286358,94.01353581086028,0
25.395392425764562,93.61408695841855,0
25.659682195381087,91.40968789050883,0
28.775839629023302,95.61315467901646,0
23.28474667749376,93.34522601254014,0
27.521981462246067,96.72273891881812,0
22.11342268745533,92.8230343292701,0
27.41697299745113,96.84743634075305,0
23.953901181697137,92.5394215264428,0
26.09055594266939,90.77913327915175,0
27.54830428088514,92.67316140964087,0
25.79824541349266,91.77203005526842,0
24.05544247380711,91.70513369471055,0
27.562489217838284,95.68218418518272,0
26.628009980574664,93.7212644465073,0
25.171009381558036,93.34379886892579,0
24.754431653013583,93.96006459056616,0
22.19411423516433,92.8193877590332,0
26.356763322755633,90.77116791059092,0
28.1616052783802,94.07662658736555,0
24.415080208886526,92.38714931343502,0
27.924938074424,96.46103541802623,0
26.166894758081234,91.63712041482923,0
26.46914520715684,92.96890849498726,0
26.278076758125675,90.69185903245659,0
27.612258115639698,91.77581086661087,0
26.127832420980962,90.95636898565525,0
26.548308243850858,91.7098486950971,0
27.18151021975521,92.28567157994667,0
28.327069090996144,97.10411261156527,0
27.114845525124824,92.10800819564986,0
27.607310189808892,96.35814125485584,0
25.910625138647944,93.44478590949149,0
26.90323104000935,94.92427597439433,0
26.384261911820506,92.97250210058054,0
28.400721549089717,95.16135452406502,0
24.286808941845283,92.28040938626557,0
28.534211601112453,95.01600373681131,0
26.92132878751032,92.26742677989701,0
23.07359208765298,92.73321849883943,0
26.82150698528571,94.89356752656757,0
24.97066314942556,93.59674036509288,0
25.92547996698883,92.6526167393897,0
25.203012296394117,94.41563399028999,0
26.427839154265698,94.9112467533007,0
22.649300374322554,92.74308681259137,0
27.211721382461743,92.49414343199119,0
26.32883930932676,92.60271035412936,0
28.10320438571393,93.34497107231068,0
29.393797200800776,95.86518287066826,0
25.601343333840894,91.43687437713646,0
27.769053000753985,96.06820750081566,0
27.42052254458782,88.2072063175808,0
29.305174638454435,96.06171514751527,0
25.68667898341256,90.3095475357014,0
28.541344654128455,94.39345812980811,0
25.85409657692098,91.23932312185656,0
26.548660326597005,92.08711231155539,0
27.09925024918426,92.39599376484134,0
26.634664171565856,94.25732701907312,0
24.241623926043882,92.05762475558183,0
23.8323045675098,91.30459850482069,0
26.947221636004937,95.240294786623,0
25.501131762826358,91.34609250078718,0
28.048887273890916,94.00092103108031,0
26.18395620304701,94.39460203752158,0
24.366993519840346,93.44744339315568,0
26.204708731573206,93.91889361743635,0
26.047910850756324,91.54664080841289,0
27.30299016063946,92.41537205079348,0
26.570042340097206,90.85498723193355,0
23.76616833839446,92.82737807963544,0
22.8978983727833,93.11938468956423,0
26.196501806660677,90.76994246157935,0
27.62462238438036,91.7035675438654,0
28.017067266828434,96.23699144894748,0
25.563522536224422,91.12682832803206,0
27.015609563505933,94.9627725258066,0
25.667656657790616,90.11378865629081,0
25.589767211188807,94.47781076476217,0
28.274752672376152,93.1518136871222,0
28.123976040757896,94.417137344613,0
28.407156603277947,93.81398070990873,0
25.19389358330996,93.99295422661092,0
27.52173981523605,93.15145438047406,0
25.52356371843936,90.7388549016023,0
25.65004214851447,94.28909461661596,0
24.88409351417354,94.57066933847962,0
25.379998605001138,93.31622755624356,0
25.727118620182928,91.29158671490973,0
26.795258555394582,91.55187494022948,0
25.490403920157167,94.20704814035061,0
27.775613357101598,92.95172004296384,0
26.58709961066789,91.80805010116669,0
28.656707904584117,95.11741561842415,0
27.68495590532061,93.7140979558782,0
28.2669148288417,96.69423335084075,0
26.25825234116376,89.88996979512203,0
23.840293163614117,92.12523366312881,0
26.320930244979124,93.92638430302007,0
28.036091413853235,96.40977463888284,0
28.79605497212961,94.04968846934942,0
26.23259206402053,92.46570249007782,0
24.589957193990283,93.82639266786757,0
27.4630975584289,96.70009380378109,0
27.231436275934772,95.20916814538312,0
22.207962461711794,92.78411182062545,0
26.834415574912363,92.06883710202607,0
28.046283918262297,93.03399311469332,0
28.414536386076968,94.42297290981332,0
27.49358426364632,93.20611789071745,0
27.17386083323025,92.05194513980057,0
26.369920348503726,90.1474642272746,0
27.56547263199653,96.36318864587234,0
27.909445399268286,93.3523211793784,0
27.357390010261483,95.65144153470274,0
24.57160460478157,94.17167524896487,0
26.501671685316133,92.51240901815078,0
23.823013026086105,93.12292534598687,0
25.664831426613397,94.92380922843253,0
29.025132223016847,95.34673733172393,0
24.1427478973846,94.15696264381502,0
25.905020292003897,90.5273339707957,0
27.191404895806834,92.74501627352058,0
27.249580071860006,93.85828791050429,0
23.52627232392755,91.5130248732676,0
26.831187847485577,92.27797483534468,0
22.799788939751657,92.70235745836575,0
26.528944674681085,92.66898562756394,0
26.015688608183495,91.28190845405688,0
28.769421405322657,95.62908512658738,0
25.206855539925566,92.03155105430767,0
27.42812816269508,94.92565042159329,0
26.249393530621113,93.3547130777356,0
23.8210093261973,93.11501348429363,0
26.57259135514401,91.41248501148709,0
26.90134328493428,95.3675866165049,0
28.037977780261002,93.72787796698962,0
25.250756186384493,92.39714089612568,0
24.020544140634566,93.7497750727961,0
28.416612076955282,93.46364332358452,0
26.45994047822234,91.30000554301692,0
25.786045696470133,90.2400860810381,0
25.01164509253687,94.14130456030014,0
25.764572424601024,93.47864454380652,0
23.630215462781372,92.74549085346621,0
26.26321632119968,93.1660440584765,0
25.886987336764008,92.1581596101374,0
24.664154406616348,92.2973229124705,0
24.589043225589656,92.76567903413408,0
28.82350204649949,94.15401140771796,0
26.494858769284363,92.2328995957314,0
25.09226772124679,93.3644821162815,0
25.00773077912593,93.5093733748837,0
26.701152802480074,95.27563702505549,0
28.712396740726643,96.25104360225032,0
23.922183922080702,93.22569750902728,0
28.94007575112641,94.99558576152404,0
25.18686563222247,94.4991675460181,0
24.9678439713423,93.2479015971711,0
28.693987260415035,96.45736843912216,0
26.391448420177362,93.80900853722548,0
25.318384464842516,91.85600104887317,0
24.11721796708801,92.4974121710554,0
27.704551589039863,96.62646489147751,0
24.723676443200986,94.11711272476747,0
25.768221892211578,93.54063525253288,0
23.525602949081513,92.89250665011872,0
26.268473737849483,93.79817820926736,0
28.897860579088626,94.27719309086399,0
28.252695684477363,95.10849323473543,0
26.238575861922364,94.89439297784988,0
27.255755265533544,95.95340779399965,0
25.284591040383784,92.07589112775986,0
25.75612761827854,90.60792271848013,0
26.686057155647827,92.83336920630325,0
27.78801283458293,94.65675098391696,0
28.272571945104815,94.22734030011027,0
29.03819253809305,94.34218858719909,0
28.065141452558503,94.90822367448035,0
28.390922530693707,95.05755395583591,0
26.137517962697842,89.97281243935608,0
23.91990877662276,91.58729142267339,0
26.334409216493356,94.00721918719037,0
25.584332894922085,94.18795711756499,0
25.437599287366705,91.01024622481704,0
27.24444082364963,95.28538355468667,0
27.831530068843094,88.58394211085638,0
25.26612609840295,91.76016056100808,0
25.024243397569737,93.39422017573354,0
26.55570865245248,91.11156730765244,0
27.375466275728613,95.55547131220843,0
28.80538758237204,95.22108640790363,0
26.10107021036808,94.16906783091329,0
25.84334405319188,91.41627234415547,0
27.84075470298969,94.17230514960939,0
27.67768619706913,91.91715435335897,0
27.478154858068905,95.4634130522094,0
25.48775510401614,90.75015872061977,0
26.162045630331797,92.55610416234714,0
25.680678268225005,91.71283515354779,0
24.745228821696585,93.15051798885396,0
23.686919718515853,91.48888092183141,0
26.178279080261092,94.05519894903746,0
25.626315412818126,90.36220232983419,0
25.5036671647911,94.80925226238928,0
26.204513926777615,90.19732347600826,0
27.62238536082147,95.48292654404744,0
26.04609003001702,90.95487913878715,0
27.27491601532581,92.84828788412159,0
26.057351154197747,91.76698672965702,0
24.17336034829164,92.1060993239417,0
27.03269458078023,92.9239526916876,0
26.569229065288436,91.50589764610736,0
25.877980102732938,89.93441001775565,0
26.560945551768015,94.72880609167537,0
25.848843878871044,90.37414387555248,0
28.917155058781585,94.7819704312189,0
25.986957158297812,91.12426700096344,0
26.148196682877664,90.13715770522911,0
28.47322858525213,93.50667587940148,0
24.241088230808227,93.883003386257,0
26.011683519298202,94.21076849816573,0
27.937318643488943,93.53345497234373,0
27.74987990120312,93.57907496442569,0
28.497638305884045,94.29658923389094,0
26.155640152053888,91.55927144463425,0
24.84150167919142,92.47270712667645,0
28.27829299100641,96.99325766751011,0
29.055709573634182,95.8486934130359,0
27.293576548779267,95.90764578130256,0
26.158204456972904,92.61950125260368,0
27.87771777873595,94.45518261915188,0
26.138781738238272,92.10547861014076,0
24.692167475082613,92.39372267146629,0
26.982691981644486,94.8605706389774,0
23.54892778106898,93.27472360464853,0
27.56662263411135,88.11268526242357,0
25.26709710025367,92.95706601068103,0
24.0092985296053,92.51272396746083,0
29.248754840359,95.75206316877494,0
25.62999575619812,92.46302847082,0
28.524733436204855,95.06827407935818,0
25.277018529900584,90.60244620355617,0
24.509779468356353,93.35349299496843,0
27.180270296883407,93.33484254283972,0
28.241544747604532,94.05048764866748,0
25.626873824317713,93.4524138995309,0
24.56552165794777,94.04586746602203,0
25.32423813668163,93.94434632474436,0
25.988592459441097,89.99270233631343,0
28.04286078261396,95.4977381257283,0
27.917830672678697,88.86552806889503,0
26.35639845489343,91.51201678397312,0
24.784156506800393,93.54354851756958,0
24.459054757611547,94.10279150684434,0
24.24504165875361,92.40091738970013,0
26.274700509496462,92.10129634913856,0
23.840893936146138,91.5207783733506,0
24.482880145485492,94.39114856840706,0
28.543517212654713,95.18659527545918,0
22.154943089468087,92.82735509221217,0
28.881587648555353,96.34683084419909,0
27.70355364371928,95.54679222960601,0
25.483242128009923,94.46852060369388,0
27.255016978613376,95.18549712545298,0
27.759526284048654,96.45424180365755,0
28.109711566512196,94.8782493315559,0
22.47932194571693,92.60272904042435,0
27.51244078646404,93.52510629497097,0
26.53510687339006,95.07859690550428,0
28.823129429534365,94.08113224568717,0
24.49573736909614,94.16073286366718,0
27.07526575682738,95.85459282510716,0
28.430882720629608,95.56616328661293,0
26.265044834682396,91.6220739349787,0
25.362010073897316,92.58233039554902,0
25.328729572247088,91.51711721304996,0
25.503912716331143,91.16213592091823,0
25.966582053230645,91.44225576501951,0
25.941652203918764,91.61720011167186,0
26.381476712252635,89.87002769095423,0
28.05736160164384,94.85246045060713,0
25.62488511101398,91.46333490788986,0
28.631820357814355,94.46477166959964,0
24.383194148524474,93.99093814161152,0
26.423816623791105,91.37064900113177,0
26.703337248609266,92.06493572282689,0
28.153213823497662,95.86103602337829,0
27.454180170645067,92.93409253231552,0
28.919871591336424,95.05587147397617,0
24.756508051218137,92.45804603600334,0
27.665140909974436,92.11988268980319,0
27.56091271011942,95.32888165522662,0
28.163776938401515,93.53906805939012,0
26.717280044778462,91.1028044890414,0
26.164525246775586,91.25835685396304,0
26.127751787181005,92.62573730697032,0
27.467523107639664,91.78306964954128,0
25.087223599452418,93.64561726531187,0
24.33158558755084,93.04754105307454,0
25.664108656492367,92.37339928620837,0
24.11057009524458,93.01970283826361,0
24.45410549658277,92.37441026174271,0
24.82512203198006,94.1518898376815,0
26.729654234659648,93.8301256539538,0
27.450117815578484,96.90046398226558,0
26.22458508465865,92.44859984632615,0
27.53152842164319,96.31785118893296,0
26.862856554978535,93.2019948095815,0
28.438196341792352,96.00572074560631,0
25.410834565497552,90.31593206053016,0
27.936333320210707,97.15725159163992,0
26.485738966739817,91.12637370241426,0
26.809974219849877,93.03385164244362,0
27.333290362458804,92.82129503003196,0
26.82909352581652,92.04132148986086,0
25.639602165323517,90.31293773849129,0
27.20487615770655,93.35403751252399,0
23.603427236036143,91.49855870091126,0
26.710671673900684,92.48029186541369,0
25.25040302370088,90.78438572679589,0
27.537306748182296,94.54650819773416,0
24.831694033562343,93.99826708461406,0
24.220062701124334,93.50447981180474,0
24.99438879319072,93.82621525792213,0
27.795303851068212,95.43196111139838,0
28.760785010759534,95.90859553808023,0
28.305045439072533,95.37380178791007,0
25.884505762507445,90.1591719770654,0
26.10400750035417,93.03933273002751,0
27.518678029773643,96.21541478073202,0
26.204987725086696,90.34342840279726,0
27.130650883814535,94.13029656156706,0
26.524353741722244,93.20122674043776,0
26.347793555572068,93.47661345288587,0
25.434102453324854,93.05982375828516,0
23.425625423628244,93.11091745690852,0
23.558064101911988,92.59258905108629,0
26.224759098799947,93.48077890661142,0
28.611888355226753,95.3202979306543,0
26.56405722155737,92.30139582479934,0
26.465775372386084,92.64311197174129,0
23.26860213029153,92.78118558988383,0
26.164063015104652,90.9152825844984,0
25.275509302353413,94.00880175257515,0
27.80115474514452,95.18358387946161,0
23.54468684117936,92.72935749454855,0
24.34844937145395,92.99839946968056,0
26.52728116556722,93.3801450307387,0
27.707875549045816,95.39940593162035,0
28.354801847585968,93.74784521318396,0
27.87608899749239,95.34247425191782,0
27.548450882484893,92.23985462110626,0
24.391115788989158,93.27639914913568,0
24.389594834848403,92.5216340759443,0
27.36820571924729,92.42940597014763,0
26.902760354014465,94.47805770703565,0
24.04836698160264,93.71571054133756,0
26.75382587890369,90.60734167699869,0
23.902187657618438,93.00430263003565,0
27.750798306077442,88.65163205279393,0
27.85465579362045,94.69992660508427,0
25.4646208080899,92.3441612471566,0
24.446257854641626,94.38280991986045,0
27.566786586239388,88.22987129777944,0
24.922616834671192,92.58438109112657,0
22.301517008120502,92.97957829595468,0
22.181500864918174,92.7522185555031,0
27.947807981025665,95.44007619324009,0
25.642857421154535,93.41593328219591,0
26.714278572664902,94.91643149975152,0
27.814674413610035,93.01121162681949,0
27.95016157367022,95.96802767287511,0
27.598824895698215,95.22365495942675,0
25.183304856143856,90.61503781838773,0
27.501208152678426,94.12687929919149,0
24.497416124085422,92.97315383650844,0
27.152379145356537,95.72275998196622,0
25.385048794061802,94.2674941604568,0
27.734445359284624,93.41238876642737,0
27.806207821098848,93.08936594670784,0
25.302708338413428,91.76484850811852,0
23.487608994530145,91.58930932681817,0
25.621024431043335,93.69825907225137,0
29.057529721093054,95.8762341761906,0
27.67694751667748,88.58749738647622,0
27.978679465826268,96.15646821312737,0
23.162049110459627,92.68964700231798,0
24.243455104193767,93.89063240731296,0
24.777583483654745,93.63865089111734,0
22.78603124127767,92.48409464070735,0
29.340782339972147,96.0605391623508,0
26.48020215378837,93.9991404608199,0
24.283839615796158,92.42578884838173,0
26.55800857660749,94.74610771114726,0
26.97002787952332,92.89985744868008,0
25.116130285061207,94.22801150983884,0
24.367388449257234,93.39028168892794,0
25.581411317842463,91.24522032942747,0
26.284004639832276,92.26238055141818,0
26.07101622028862,94.24724728495312,0
24.690173629251905,94.0502554736399,0
23.649361737256626,92.31247906837494,0
24.250722031660317,92.1125359197129,0
24.603732954305627,93.66148313011223,0
23.831520202944525,93.23677697879938,0
27.694295410972103,95.5984825189656,0
27.857757519345277,94.0859016662742,0
27.506614732209577,96.88967297746652,0
26.999241236789196,95.16226296274695,0
26.670416766113682,92.44103982492943,0
25.451068797177868,93.51147193250858,0
28.534558442587883,94.51223765935971,0
27.91903921298641,95.14228623418194,0
26.448411863471847,91.42051790575258,0
28.482772408911053,94.26287605895102,0
28.23703518346038,97.06737428765445,0
25.11352004173704,94.01046500902416,0
23.834090781439325,92.78617322939076,0
23.766910120251296,92.665400111459,0
26.388486498894487,94.26962448538202,0
27.27236410539011,93.2829654096722,0
24.819355686191432,93.66830800858527,0
24.654640681100243,94.33524876286313,0
28.35386674543858,93.40210935008618,0
28.05981175117082,93.91700901537111,0
27.792417003866383,94.30196119067507,0
27.975029199611253,94.86589006852329,0
26.058801142846157,91.03821466942829,0
28.07718742561533,95.95317956199352,0
26.579029600925416,94.96743428868199,0
27.373298409155762,94.02354896232532,0
24.295079276995327,92.68623744165637,0
23.3413044281599,91.60991056755854,0
28.68159893864252,95.10761059673277,0
28.779812752940927,94.59488133986336,0
25.990892190231406,91.75350235444164,0
25.9500520483802,91.7420854675406,0
29.135371501322783,95.66978380714794,0
25.059722767921627,93.19418103094894,0
26.215400123718698,91.88842200554112,0
28.321292675478432,93.47308990208133,0
25.759090279606195,92.48454906171874,0
26.48637709232018,94.78174471869062,0
27.340364049122034,94.07538562996795,0
25.44174232504684,93.41070361070322,0
25.681416229199993,92.11272527219995,0
26.154237280207816,93.26722215208434,0
27.350179776183662,93.3683492349284,0
29.069716749925156,94.85369882925578,0
27.310619046061174,92.62623496826136,0
25.342590654468484,93.073567869585,0
26.00111428665308,94.41714940174866,0
26.52779102292164,94.70661061231085,0
25.927054580776208,94.87832674537187,0
26.82741682076407,92.66539041150301,0
25.00740526252562,94.55903478012954,0
22.231851171724383,93.06599241451674,0
23.297839406733928,92.88643274997861,0
23.357470378552975,91.8128522851704,0
28.872338687332164,95.63532403826318,0
28.78611748418741,94.66453118238834,0
25.8523360380681,94.24973400519312,0
24.352492310546072,92.96961472710574,0
26.268089688154454,93.01274621693584,0
24.906638838251546,93.14863511293848,0
25.310928007213867,89.87405550491701,0
26.163977784019956,93.74352102752825,0
27.740563499143306,95.25869500297765,0
27.1999089182419,92.97161367220279,0
24.25139503704271,93.53489134889107,0
26.7636378713773,94.96177259555962,0
28.151880578151353,96.2256575168743,0
27.498224112587796,92.93809425672424,0
23.281834493763974,91.49830306510314,0
28.655829073017564,94.7094013043538,0
28.196357060138133,97.2662665969602,0
26.65269081187546,89.93830597257926,0
28.552912051725567,94.93711043010425,0
26.456559749550102,93.90214439617284,0
24.916298780025222,94.55514964151287,0
25.320136963326835,94.24456775666494,0
25.975883469859966,90.68873722208895,0
26.115036763352165,92.69351836343175,0
26.5708873208525,92.1308148320401,0
26.89217878502679,92.13798773374637,0
23.789727936190754,92.98107505524,0
25.96093461362546,93.82740192399046,0
24.809016329161494,93.30215093150557,0
28.06391633830731,95.23850920095735,0
26.66846648098856,93.31086618627496,0
26.57636817286035,92.23950992904294,0
27.569940899156524,94.43180900505725,0
26.550474611737005,91.2569191466701,0
25.97734794552986,91.39782280682752,0
26.015307489171274,90.146145564475,0
27.45991125216287,92.18519061541627,0
26.902066031795677,93.8301283252045,0
27.68965681302025,91.84973431992228,0
28.20827701836663,95.2938053091356,0
23.57450215486306,93.19857032653516,0
23.119494861314152,91.62489612271665,0
25.273868718716265,94.53604626834397,0
24.844819193927428,94.2824566892331,0
23.428737443716336,91.87870340866381,0
26.54834023222085,94.92473982981228,0
28.532106864125844,94.36890282260848,0
27.862644895089645,88.8184554210743,0
25.515502969039996,94.62660736340456,0
25.946119218731287,93.82460683732424,0
23.131243365730146,93.2044751253461,0
27.118778456822756,95.70154463701164,0
27.892788280690716,94.30041480958997,0
27.294031892968018,96.93122964084112,0
27.95563059246434,88.16234936581243,0
24.24775467054546,92.23255221468673,0
27.584452474267025,95.15455892490162,0
27.46888194303874,88.19296338314204,0
26.996726446207184,94.56318075926028,0
28.36435505842958,95.38351175363239,0
29.036265057004915,94.77244627334734,0
26.097220399975402,92.6076275733586,0
28.0417075108836,95.59132285980094,0
27.971731426263265,95.33421837535397,0
28.4887803998042,93.8168210866408,0
28.513178190042403,95.4024188537925,0
25.92375448436939,92.48742938440896,0
23.02296323886083,93.10743551400887,0
29.26066851804229,94.59242515963157,0
27.22975998794213,88.72472925211673,0
26.72122559148909,93.5803743850289,0
26.46727918555382,92.77518307874136,0
24.087956283574666,92.02190721320531,0
28.14491395807769,94.92591989761723,0
25.932916252711447,94.16822727619105,0
27.61680989310045,88.62013489887715,0
27.45588405559061,93.83923873598208,0
27.693097868976214,94.74417513669279,0
27.065790930905873,94.38776163908938,0
27.52571294229911,92.5288359138939,0
25.439171328407138,92.35202506542842,0
28.88980912124321,95.9697410548524,0
27.895855600222024,94.23337210351063,0
23.653984412605443,92.58604724654381,0
27.386758775754263,92.08144021035673,0
24.37303379960561,92.49359746517347,0
29.039514235590463,95.56683814553082,0
26.68481608177608,94.44286775513726,0
27.39449199135981,95.59976106921734,0
26.116886338611888,93.43853525963394,0
25.61710714837225,92.42828526437438,0
25.634812277926613,93.67712070964419,0
23.941986069145326,92.23775876589197,0
27.790930231259658,95.45083111935377,0
27.45969019286402,94.92640615668319,0
26.844184185460193,95.17908084547079,0
26.650428968155502,93.2321423616138,0
26.09866893377305,91.47948384353184,0
26.804246837230995,91.73062582367622,0
26.196820066702458,93.35684299677838,0
23.080740795271176,92.92677737214215,0
27.590872598043948,92.64170717405898,0
26.042497503989644,92.94462673719275,0
26.770307932282265,91.7348792864791,0
26.79243313530529,93.25489369170826,0
25.707387595894545,91.04826481752804,0
27.629347928685043,94.31319142256432,0
25.64449651451506,94.30735435595592,0
27.186536067653563,93.18294670576545,0
26.316981171215453,91.47286808155476,0
23.541389608172032,93.05320895993299,0
28.827755319824192,95.00874558303813,0
24.05795901937557,93.24152745491915,0
26.480930374699142,94.13595006407304,0
25.79183756385662,91.82607063454662,0
27.99565447674619,94.9952042448021,0
26.231364634411932,95.03712716213356,0
28.208591625591595,94.3502608468736,0
28.612901871989262,95.70068531869211,0
26.65214309235954,93.34102156164403,0
25.78652634592694,90.92560012503546,0
24.45318105607288,92.7087989255859,0
27.358257401723684,94.78045711171109,0
25.38603478937746,91.68566016714713,0
27.613510145747913,96.66855207278809,0
25.553796605953867,93.62203918053669,0
27.923160112541808,94.28274600019854,0
24.047133245108757,94.15679439348648,0
27.3948854435002,92.29190259720635,0
28.611305266208674,94.54496707940328,0
28.535563179561713,94.68581691286074,0
27.130471480879688,95.6301214479136,0
26.146603502126304,94.62043795914465,0
27.90028584632632,94.73909520254706,0
28.116658923385266,93.13180459612137,0
27.405343240964758,93.09585950134641,0
24.35368271732412,94.02225588958551,0
25.003096368652564,93.46666161016915,0
25.332483520233456,93.08123958378461,0
24.511264998137957,93.96005499604706,0
27.545289681023345,96.01313630593978,0
27.90264918367035,95.76484597772824,0
26.034108794046467,92.89658531605912,0
26.270932967388013,90.40683706911595,0
27.507038282850154,94.44242707322121,0
27.868379544925727,92.61091374344244,0
23.588750833592904,91.31321054831076,0
25.165070722959577,93.55576935476066,0
25.54073095994535,93.79183923705942,0
27.122312957000204,93.8428705010731,0
22.231078215469626,92.59463584650288,0
27.390893740058456,94.73946338480074,0
27.816531021557587,96.80692077857198,0
25.28477850046447,92.73211129750648,0
25.425889317038113,94.56576550894812,0
26.347670664870314,94.57596990530067,0
27.778188093571114,95.59673760320044,0
28.75407141752791,95.27392324191614,0
25.237119354164985,91.45930699043163,0
27.20005601712087,88.20542329215894,0
25.892459798183964,94.53456550532673,0
25.50474596996591,90.63418947745683,0
26.134089141589538,91.98178502321161,0
28.763149746625892,96.24283957748045,0
26.23297253527911,94.26034109975049,0
26.152038603092745,90.19561760486991,0
27.219267422531153,88.11758481543065,0
28.869381080159904,96.10232698873475,0
25.51303612846678,92.51271912183853,0
26.70692364569613,93.10183650904067,0
22.895495516254638,92.80539113500669,0
26.20088797274041,90.33492914058925,0
27.61016190948049,95.90665725749892,0
27.815003966831988,88.2724268596553,0
24.880985369517802,93.71318808756239,0
28.464515598555483,95.0496812884618,0
26.802084212230028,95.11380856234632,0
26.767157687708497,91.48605607619429,0
28.012027605759638,96.63369314077868,0
24.224129108892505,93.04438157794253,0
27.121263450350042,94.54807851275295,0
26.914730988823493,93.40815566609278,0
25.625292449677758,91.23119712210806,0
25.830915632328985,93.94753748913962,0
25.804727957439436,90.9552124543101,0
28.757088232133817,96.54069235172517,0
26.199815645981698,91.28857040023262,0
25.835989457370697,91.88104895762106,0
23.92620295677618,91.99675894255758,0
26.900449095162063,95.2349240240927,0
26.024921026357465,91.03127084935018,0
27.94594453513635,93.48111244086849,0
28.5338310481846,94.01549854513192,0
26.812894235178398,92.68400946777643,0
23.788656941904538,92.56544640657964,0
26.500617394110215,90.38633008761649,0
29.213932534003572,95.65607257866102,0
26.420000000788953,92.49047558418383,0
23.303016992210157,91.40910143938744,0
27.97054783679761,88.52470822864869,0
26.067929944697557,90.5355974234921,0
27.839377661605116,96.71488599753783,0
26.638915476528343,90.61794157181988,0
26.593397872296,93.3764663535525,0
26.107211791565923,90.98967634170224,0
24.261738683857786,93.46126363078015,0
26.45344934939131,91.64757766841639,0
24.833566828338405,93.79418697092063,0
24.8011084421303,93.1005372704215,0
25.88312887398293,91.04008411237903,0
25.69570946737167,93.79968546368714,0
28.2483980690493,93.71429193536952,0
26.46276050426169,94.58266575978205,0
26.458862747011118,92.42791377996589,0
24.807191622641387,92.62762301074538,0
27.390140049557914,96.55921521148343,0
23.66013718352501,91.45854658018175,0
26.79431738232539,93.64427000383247,0
28.037094664016667,95.9642975940741,0
27.172899496204863,88.48299736103985,0
25.350034590688438,90.76815281936048,0
27.84233019642422,96.97895719886496,0
27.30246755030386,88.64578676237421,0
27.707516174197657,92.83714630441982,0
28.218753268985246,93.40699368658007,0
27.618439405941665,88.64289071527875,0
26.015084930850175,91.80922149868394,0
26.497105833412174,94.76529010147783,0
27.57952810846997,95.07809681345154,0
25.879629598136095,91.84475393913935,0
25.726719196815715,92.7100584578388,0
26.454065593014562,91.46706827691236,0
24.186087825816593,93.69400386282976,0
25.217854861646753,94.01416663989355,0
27.889452523337134,95.05547959181773,0
25.60346955068993,92.39629059432957,0
25.426787364226488,91.92110261379487,0
25.440259582859856,91.6462010035872,0
26.85770863266657,92.0863857419603,0
26.442311997296258,91.34742875377334,0
25.797530132045136,92.49743145575025,0
25.548400060051335,91.32588317950231,0
23.585908863957297,92.91089467748489,0
26.61944331029897,90.69082737567194,0
22.323231260898638,92.87241346999924,0
27.423900911764356,93.3363587274412,0
26.911776587040336,92.14729301629909,0
23.40377924868526,93.36403676095212,0
23.08131673291813,93.15497907223342,0
29.31135112141021,96.00839818312653,0
26.94432792918667,92.96370806043751,0
26.378666266990372,94.42917928851425,0
28.007343296883022,95.32876074686138,0
25.205330461822143,90.57107732893033,0
28.141906785159797,93.22978960060034,0
26.02065649472575,91.4246872970183,0
27.528203430196413,91.95392462005788,0
23.162589176832594,92.53565002381251,0
23.099375067340944,92.46045012402305,0
24.09596818737564,93.75207070400037,0
26.006817714199062,92.64351933985726,0
28.021714261864705,94.10362296275721,0
27.10026626791533,95.78432269248566,0
24.628673845857858,93.38944055745893,0
26.571747216967836,92.95786410174635,0
23.89664174014767,94.06126664050086,0
26.504379074483758,94.48963035039554,0
26.944832739667476,94.54487490153014,0
25.769792456317028,90.77285740602079,0
27.11580052727654,93.45781113193199,0
27.348461505611795,92.10474030718427,0
23.518763321990154,92.46095907824429,0
24.931509857240513,94.6786723678901,0
27.207085573654513,88.08228657121393,0
27.83438077505095,96.98319391293501,0
25.0693197545408,92.589426109195,0
28.768347559741898,94.7881196289278,0
26.692935982395653,94.69957434887652,0
28.143826244943966,92.72275101482698,0
26.89709639672003,94.93628220155554,0
25.74048100892567,93.00281377126495,0
26.54938549971065,93.76759834059897,0
27.351974054013645,93.15561087876944,0
25.994940325743872,95.11703680879953,0
25.00561493908348,93.90689764350081,0
26.38705075371191,92.23575093582554,0
24.199937972141008,94.14202354884043,0
23.93715890635206,93.00162666107703,0
25.3210530800883,91.74418594191204,0
28.069324548324783,93.15018440666854,0
25.07649965061644,92.72909586655388,0
29.10919859505731,95.48230545355356,0
26.75676841429916,90.89084218340155,0
24.412957867153132,93.13624646337534,0
26.021486376402954,93.17025209287627,0
28.51182145092597,96.03130217130229,0
27.800199533132083,95.48039526666295,0
29.051576232513277,94.83071208656935,0
24.514661505346634,92.92025457245613,0
22.719493163596958,92.82937997580963,0
27.76105359814467,95.0414636834873,0
27.741302879150705,91.65295767113787,0
26.8222225225054,91.91859882832843,0
28.243131165765828,97.12696721747278,0
28.284548251189797,93.60237435672387,0
22.961834282078975,92.6594714341604,0
24.504141370848007,93.88719237964182,0
27.296982999307122,96.18617225789784,0
26.080857108406548,93.10092936170213,0
28.40669520727553,95.64161994657917,0
26.071285002071534,93.43987091757299,0
26.09710071151181,90.80945172661862,0
28.67817903031548,95.08440146340322,0
25.102208898447895,94.19694916071629,0
25.529725095509868,92.4233083944502,0
24.657857039279556,93.10711568099883,0
26.820483526119148,93.36140786517575,0
28.46268505277405,93.9425834402,0
29.14452750943581,96.13278107243345,0
23.388564479023664,92.97378534814938,0
25.102607974680996,94.1070809829373,0
27.44337828881341,94.44296740562268,0
26.84582506334392,94.75476760162607,0
27.852373727491706,96.17955669650934,0
26.90352793608337,94.40768116498158,0
26.719379089230216,89.95621572537343,0
28.398123246464916,94.23836832228153,0
25.232254040587634,90.38234021099812,0
27.820731844513,95.84949345855674,0
27.571859315981843,92.94089145361295,0
28.257798045225837,97.06985375179312,0
23.969321473095242,92.52790977156145,0
27.81783230490393,94.07777709311233,0
26.0924332380668,94.04645582630286,0
25.827024331381736,90.92856704815085,0
28.949456497360732,96.05781047493541,0
27.130189847339786,93.21905704699921,0
26.35166913499405,93.9238591311438,0
26.19380055810248,91.36729322579099,0
24.799293796776208,93.88411536285714,0
27.651650584708932,93.01801338157749,0
25.651445071692557,92.06232843827014,0
26.172875547770918,94.49618504916384,0
23.482544688102443,91.88876333228852,0
28.636604052616306,96.40800475589995,0
27.557510571021513,96.83261743534607,0
23.755363720910943,92.48713191780064,0
27.639608168864708,94.8621977665527,0
25.730842688343653,90.16817682374604,0
27.609511976671005,93.24175440531053,0
25.32268680428147,93.82796584071534,0
27.634061499103183,95.16703853162146,0
27.1172403955988,95.84883192472061,0
23.13717716462508,91.56657181443505,0
27.311257425793777,94.72173225873956,0
24.42396003734136,92.27132089044014,0
28.1773278129956,93.59881250063589,0
24.316195891752052,93.7117291219428,0
28.91063400814353,95.5168279058094,0
27.48666048408313,93.02794887292504,0
28.391065537131137,93.27726951136836,0
24.909815795855863,94.11946774061616,0
27.3018648092294,95.68981882412331,0
28.53122266974139,95.52285160472556,0
22.49825814416611,93.07927572556915,0
22.568963685965805,92.94835431600659,0
27.88571840890352,94.58122441435441,0
25.269107110719794,91.98053640544838,0
27.66078001421998,92.34505913925,0
28.020763326943044,93.51957486204023,0
27.837714767720126,93.0795432129556,0
27.572968848809182,93.69846930743134,0
27.9207999097432,92.75041866541999,0
26.004130223673886,90.7120409372153,0
24.114855230730427,93.85624971321572,0
23.788499097377144,91.25885480328618,0
25.822585387875254,92.99497486753167,0
24.989412027227477,93.30487568130056,0
24.360675651884655,94.22915909972032,0
23.504800028369736,91.86830389898424,0
28.382409391148357,93.26032528267996,0
26.648084937965898,90.44391715406996,0
26.599138510926156,90.78693793486276,0
26.97859849141724,94.87993829364964,0
23.76669941670348,91.95870181509342,0
27.398042689297277,92.97886069756132,0
27.79741472524531,88.78478474994725,0
28.51349997317883,95.73994783749455,0
27.586675204744015,95.13475145862824,0
27.750318015614127,94.88208442900658,0
24.71237166587793,93.2399068343872,0
27.11980050788824,88.36526417625075,0
27.86573672954681,93.12980391073246,0
26.504175181383047,89.87948306948371,0
26.405293839974718,93.94290981475534,0
28.373287335224262,94.81233940846546,0
26.544955603996588,92.75856284388529,0
24.87018149115976,92.35271044615678,0
25.70813742601435,91.8402341953011,0
23.77926477837227,91.55909820621719,0
25.49432265250388,94.61941958595324,0
23.548339288784447,91.47086215834567,0
24.098742080612237,93.0814044167919,0
23.639721282942613,91.74439231512905,0
27.38092504198535,96.86390640715109,0
26.505016862969498,92.76764511693712,0
24.15226793722926,92.8976325063657,0
28.183405238918652,93.93919060311396,0
25.645612350000626,91.73023901327232,0
23.46917007316384,91.68411235074097,0
26.24517113383073,92.57524933375727,0
24.227962108194674,93.22524570500573,0
27.91419069239899,97.27326937164588,0
28.809118257288645,94.93734120873721,0
25.91829426473988,91.8426759998565,0
27.14125292419842,88.18207773075733,0
28.128268854608162,92.78218665588851,0
27.318450361612733,92.27181703841276,0
24.971889597077794,93.63247368938696,0
25.106474306300388,93.88284326243502,0
28.021500271624227,96.18687830073891,0
26.76978571980505,95.15201683859952,0
27.55450980703332,94.36626321598973,0
27.667890533970052,96.04231843482567,0
22.614772386279316,92.92143631193811,0
26.299644235458118,93.99840504302884,0
26.19473525886815,90.77994759678046,0
27.752294358210264,96.35381698047566,0
28.255678806540086,95.5993204601128,0
25.380745300940852,91.93899776782828,0
28.650195301799275,94.0469019432313,0
24.39181535432008,94.2406222874673,0
28.772510270234054,94.12449052716937,0
26.886511503098376,93.28750145606351,0
27.995274011176548,95.38309527955829,0
26.08390933160407,93.39805164979009,0
24.534351055992328,93.93801436396274,0
28.580049206094674,95.21778638818488,0
27.78931512649051,91.76007576288183,0
27.758656376185773,96.00059298804517,0
28.37195819516765,95.83858809683277,0
25.807593043478946,93.65637057215915,0
28.138080227540236,95.75205447155606,0
27.49213009948032,88.52302920143688,0
26.323598108679754,92.17974516542044,0
25.66738679847258,92.17392929540345,0
27.315911120822673,92.23343603493079,0
28.435020638584653,94.32381800157583,0
26.427828716347612,91.25131858374914,0
28.506005307742655,94.82763739661634,0
28.156484725789614,96.68744668157555,0
28.770838797502588,94.38623072645177,0
25.460115126810074,93.14611263674921,0
24.251232616237367,93.58269463506164,0
25.184907991225653,90.68926175740128,0
27.073075442431,95.83361012192744,0
24.938056963218983,93.03395511829406,0
28.921703392252443,96.52024770772083,0
27.51610847096253,92.70941553345136,0
23.395440155112937,92.89522828930735,0
26.050126447603695,94.91750469724539,0
25.63756202954005,94.88630014482648,0
26.504458092478256,90.2108109545433,0
28.537574374485075,95.98472989031683,0
27.852450523081767,93.5456242521886,0
25.353593523281848,94.59378378075111,0
23.71577683495608,91.82037266594669,0
28.992257362860585,94.4681544983697,0
26.234459964680596,91.09002474005608,0
23.960877312888705,92.05422407843054,0
26.523025851036685,90.72727251000028,0
27.43121872110254,94.23846256731419,0
26.44220980105002,94.5119510148165,0
25.75839337058049,90.75607125739617,0
25.794851890866862,93.93014795110538,0
28.810581605483435,94.54836806252685,0
25.262017039425146,91.36776668049133,0
26.57285944717175,90.59656700491722,0
27.8121134738222,97.06999909933019,0
25.94530737934991,91.6266248791357,0
26.28101529721905,92.65535167369664,0
27.582697859683726,95.44374717899599,0
25.944881107327934,94.41941496392063,0
27.075257856668916,95.46139408385338,0
24.71469809840595,94.550448067534,0
28.58557008639987,94.25027465662062,0
28.470928380279457,95.11509626304878,0
24.437714693701587,92.3049775433292,0
23.313939433198716,92.93433814839688,0
25.40711848801589,91.716800524988,0
27.084190069899865,94.9627452705866,0
28.312550135951685,95.43441321207627,0
27.6710048141029,94.80350315349708,0
26.515321631247637,94.46524016362858,0
25.610939366252357,94.40569330576598,0
25.795638825869222,93.4361360774473,0
25.561636872931224,92.56456057879826,0
22.292928085434948,92.91513959163287,0
27.24344224211242,93.48325513829889,0
25.354368759253333,91.08415208925346,0
28.608738027755905,95.69766326402336,0
25.8875646342999,90.25108589058675,0
27.186544896212098,94.05983790731322,0
27.90397725139989,88.34318426924597,0
24.603153538848105,92.30495427718147,0
25.53752745340888,90.56631590837479,0
28.029235599073104,95.62107639559287,0
25.325039843315505,92.16929055932614,0
25.64814355663185,91.18871139166552,0
26.977240676949954,93.10133480049323,0
24.495357666479816,93.54289459556118,0
28.344685932664564,96.30823927050061,0
26.81186104931446,90.19412547504058,0
28.54305829337003,96.31382386380244,0
28.16453888666991,95.52632235431093,0
26.703977815709216,93.23479038434206,0
25.88957491442298,91.61339980645059,0
25.63247118201139,92.70872139304068,0
26.736464828864015,92.15859591414528,0
24.696735186921195,92.85658766078434,0
23.182259376747165,92.44622338767118,0
24.67335438922957,93.9134008988411,0
25.581324701598557,91.57431279644173,0
24.389227584269577,93.82763966382916,0
26.98077387977709,92.27619152057994,0
27.864521842505326,94.85880289845578,0
28.907487160482397,94.17343440862408,0
26.206285598139182,93.79189587242435,0
27.516696368643778,96.29948469690363,0
29.129855120753845,94.90112103757883,0
27.956272499692677,94.19083496207274,0
26.344025677261484,94.03206372282267,0
23.718201273171765,93.18884879665134,0
26.856863088699658,94.61595686753768,0
26.124023825788207,90.90830172594751,0
25.08493120466209,92.61019209937785,0
26.791288517393824,94.94163552789514,0
28.041770582476314,95.29712648443422,0
26.539970990893497,94.82802853138006,0
28.14792787686196,96.10259538709694,0
25.906193439386143,92.6910149791417,0
22.786802642812464,92.62170091291412,0
26.30189428375898,93.26079416087711,0
27.889914950446574,96.12481754135824,0
26.110973009515224,93.71453662561728,0
29.012337420337126,96.3301935206018,0
25.843155890704637,92.76823552971095,0
26.22168882345548,91.29608806589894,0
26.737257341687627,91.71942103250393,0
28.88302557363036,94.07953015261279,0
28.071191347835597,96.05156352769755,0
27.4185826605514,96.45911547493381,0
27.80438125199241,94.8725595404456,0
26.356840609533872,91.28607298146225,0
25.477943261649912,89.99039269344115,0
27.211200376834025,92.33984702963579,0
25.451272975044844,94.21843221192916,0
27.659368118116763,96.7774428309943,0
27.43155094908908,88.3603951030134,0
26.243984590832287,92.0682071602696,0
24.478627432392702,93.0524425885401,0
26.909676534140864,92.29283018451997,0
28.539301210431034,95.63863168402848,0
27.884279946943703,94.4333182087235,0
26.39087051492553,94.59861704909297,0
27.370540449205386,95.9054832675812,0
26.870686088228574,95.58319612254178,0
27.16723843016642,92.68027156302396,0
24.01314064005546,91.99689063534464,0
28.623815528570294,95.33087539654534,0
23.6770701621104,92.6642815151365,0
24.05782081583388,94.12359449137544,0
28.169742446558402,94.44654454777816,0
24.992096188572884,92.6786637889785,0
28.82027375791046,94.02718646507884,0
25.27260381358829,94.37716647651095,0
23.79214687913335,92.52058872994311,0
27.72864323006622,95.50702259176582,0
27.904546628621663,93.21878408990847,0
23.158290993237422,92.86566758097368,0
26.036937756280203,92.87104479463657,0
28.053606608686085,94.31254719750191,0
29.27178768012939,94.63319295609115,0
25.42796162948659,89.85002995263919,0
24.65780385821212,93.00116900393375,0
27.23876585378323,88.24539945862539,0
26.193164914343143,89.72067958816206,0
25.941502159818363,92.9769926221653,0
25.172303386162643,90.39784537200165,0
23.447972651603166,91.79682586302658,0
28.13074174550527,96.65574160594002,0
25.247497142485113,90.40217411501145,0
25.232435089379177,91.7126366957,0
26.34380329355878,92.94403047892072,0
28.191758721455475,94.58782109652356,0
24.42608578288784,93.5522290773444,0
27.622822753745517,95.48675823698282,0
26.870285746076757,93.5169808912925,0
27.63931339657685,96.07727108671956,0
26.689448579378446,90.54633254353865,0
27.84379577712867,88.40997260511803,0
26.535045755035654,92.72988732436063,0
28.18752853453781,95.7368902721597,0
26.74820349441829,94.10416022940983,0
27.09645823552734,95.66125016647958,0
24.142240679680405,91.87491949800533,0
26.41886785346069,93.49159321971703,0
29.04234524490674,95.52513537854128,0
27.59143688502588,93.38535329424394,0
27.81054431660573,92.22925446987814,0
27.44115248235406,93.06516487131118,0
28.07605412696763,96.01598209845153,0
25.25410006088779,92.77700240517716,0
25.50963504923105,92.46140067779464,0
28.64554771259492,94.35152173952787,0
26.454844476298085,91.99324694600023,0
29.039003780924737,94.31331514968761,0
28.321500421332896,94.25980035578574,0
28.710248236094305,94.05057619994408,0
28.666416020357772,94.50747649478946,0
26.140908077250312,91.14562298810598,0
28.404744041163543,94.20384583026362,0
28.910739238523483,94.61163996243415,0
24.070172345195903,93.74503983243432,0
27.660099851805953,95.77268885244489,0
25.000306605074258,93.1132753324826,0
22.881212206202633,92.73643776033049,0
23.610810476511645,93.03809377067444,0
25.949116499901606,92.72963120335136,0
27.606259950889445,92.19723674835922,0
26.273082786135046,92.00678294531404,0
28.184257020247863,93.52575478120626,0
27.634808165346378,94.82559452915186,0
23.85547733103069,93.24181938898333,0
26.208879927483665,91.79198359281551,0
27.56581968151044,95.27333288901264,0
25.990785226292136,95.09104040726835,0
26.685025945633292,93.15167390801666,0
29.13801420232244,94.86991723589333,0
27.86501261655515,95.90631586419633,0
26.048545603519166,93.80749103105433,0
24.91900128129073,93.8270152941762,0
24.299830580535232,94.2158357025854,0
27.37661674521353,94.40024079604274,0
25.53559250695182,91.40892413352233,0
28.20553853517019,93.06813218069523,0
27.744714945170347,95.60332969943158,0
25.03160411762726,94.6806925011006,0
22.886520528187805,92.85051268941513,0
23.896063138777578,91.5130097359592,0
22.360070680504016,92.57639625668958,0
22.962710627551246,92.99796077745447,0
27.851769030568843,94.97402164431962,0
26.130106539565496,92.10072795790174,0
24.27865577103355,91.99433895268287,0
28.531874127064036,95.37560357715856,0
25.091392773772714,94.59836066559421,0
24.45370838303711,93.73014320678185,0
27.168984207267826,94.36023686270632,0
27.16264044281727,92.46772885853213,0
26.555476538389726,91.67991759127034,0
25.954425719074568,92.87309012503076,0
25.825442763989805,91.73573277244436,0
28.050993786948723,88.72811278572642,0
27.437315240316185,96.65635768888787,0
22.342458952080012,92.98300485003516,0
25.542855694309463,90.15545524105535,0
24.541890564802074,93.54685205694615,0
25.808778343030312,90.92429704889754,0
27.593340016310677,92.74517878048064,0
25.170439521002397,90.88425202200601,0
24.705262979871783,94.14345561880386,0
26.566791647921445,94.93565723850037,0
27.761732960579913,95.19584806801304,0
26.768027237952964,94.99001594775105,0
28.469591136504725,93.2304923986655,0
27.31516911888994,94.1702261081103,0
26.506312762015106,91.6506006778816,0
24.41569675282565,93.98491188719095,0
27.352571614835885,92.7412176639445,0
28.396052772280047,96.12711733239067,0
27.869245095016872,94.97163611713766,0
25.813640934129918,94.7352039516852,0
23.909214071363706,92.03106492935856,0
25.967003880564217,91.41189180661996,0
27.104621563114872,95.11589169535164,0
27.964175419758078,94.30618901173798,0
25.72059820400736,94.22677672180586,0
28.518687369375062,94.92496092744497,0
27.990155318856782,93.3509104118171,0
25.142952655859787,93.52413698386205,0
28.613448699457877,94.50436933723574,0
24.306953156871927,93.45315662178515,0
22.939817986082733,92.51842452892504,0
24.003950861502283,92.23709334135543,0
27.425669111600513,93.63592368170788,0
27.567153189205868,91.59714584077157,0
28.74766385966073,95.83023656293255,0
26.822076952300687,93.58117053432126,0
26.903608850260845,92.7123378854664,0
26.993483645605338,93.25887794933729,0
23.710372354278867,93.21116183926685,0
25.57195114534615,91.9713027570365,0
27.59256176157453,96.06123596061956,0
27.886300545492116,88.34014807439405,0
26.367728948342048,92.12542187004219,0
27.125627869854533,92.11016276411135,0
28.01918829913094,93.10419617117455,0
27.753245801026097,92.42528870654212,0
27.757608229207833,95.15873016286999,0
25.175400982904407,93.16606034043522,0
25.961100683658472,93.34686360058711,0
25.913376273670856,93.08804388773004,0
26.139722333149827,92.9010051420116,0
25.92228801226324,94.42473061858311,0
26.762932602572192,95.35971831034921,0
28.33156818883776,93.94465966974624,0
25.409373986578977,91.1673146155309,0
25.406251715128082,92.30763510125934,0
27.25382969342963,94.31978314136191,0
28.22255959004325,93.19605795875596,0
24.04978388052687,93.73307172247561,0
24.45570533974783,93.5364426058188,0
24.15001086922306,92.58202188428984,0
28.190340082426438,94.6896229479031,0
28.904068827646626,96.45852030853774,0
25.397126646124814,89.9984302921147,0
23.166423815492074,93.27656597417503,0
22.609539801036505,92.90224258205241,0
29.05442968105118,95.69097261093656,0
28.895453262708532,95.48429443465359,0
24.74826896779742,92.53843872334303,0
26.1730485661195,94.5740746539513,0
28.563680830777347,95.00511962176179,0
27.915197074632793,88.51284443850246,0
26.226133383923877,89.88879606314426,0
25.17759448819703,90.96328252420086,0
26.167901686031783,91.08848549194475,0
25.46461190298372,93.58779963693907,0
27.70481796235221,91.89872534654586,0
27.90832171907762,92.8505372975306,0
23.003079080365367,92.46948200876598,0
27.996690537606895,95.635600672772,0
27.398978252988016,88.67719520805832,0
24.58761630760717,93.29057590186859,0
26.536667356816338,90.09720098512646,0
23.318604326545252,92.41436800273053,0
27.83787939042512,94.85944755167701,0
25.235261214083806,92.93840893806392,0
25.928316694231356,91.82551365673558,0
23.994676272925194,93.14195039184385,0
23.398230335221694,93.1634181028199,0
25.72842964769074,93.15598019780593,0
27.94416078545403,93.94054446230037,0
24.453636243080783,92.2004494735958,0
25.28405246728623,90.61348961276914,0
26.605158815242458,91.32547693300269,0
28.1462940488471,93.59690445061416,0
26.010367685252838,91.14561907846443,0
25.65320582308692,94.59120452483924,0
27.43861729244088,94.27389162043256,0
29.03267687864007,94.42331082959936,0
28.955446413497665,94.57988086862201,0
26.867073439102303,94.4648277865424,0
27.239666936676365,95.95134611297547,0
25.429769768165134,93.18965354348637,0
28.94478066610892,94.67073135511525,0
26.379476129049984,91.45443594527939,0
27.59196700533266,88.63056496482344,0
25.75177849154938,94.58079362514721,0
27.662115768410317,88.61784236786265,0
26.02480925991182,93.90518921626037,0
24.75322249627324,93.34323645115643,0
26.287071833223205,94.06748315025457,0
28.818773212751065,95.76073135911903,0
22.38248621516124,93.15196477111249,0
27.33708492144031,92.5011216405663,0
23.75856909597278,92.51504697356015,0
26.92378866404022,93.37325981356499,0
24.11484647252375,93.47457097755215,0
25.63357829276456,91.55614481185138,0
22.736038702411317,93.06269344134617,0
27.488355276738577,88.31268991264824,0
25.114127573795262,94.37433150789018,0
27.69213168913888,93.09818000755726,0
28.391321925433548,96.1034368835098,0
26.40739350845393,91.99346517160059,0
27.940743123304273,96.32943087688807,0
25.41658554667133,92.36826053299907,0
27.852967253732483,92.92182694145211,0
28.787568179293643,94.80696779671581,0
27.105788413425337,93.3287707631487,0
25.726571254241485,89.99997085973519,0
24.735375253826465,93.18489257596363,0
27.134928199356207,92.43479643251963,0
26.484738692637965,90.04237881199062,0
26.06039047700996,91.54167513831084,0
26.568788190852697,93.05720037733124,0
24.02790926950352,92.59300289238885,0
24.64862534787053,93.67565133842494,0
28.992602466479383,94.5539913556189,0
27.33566023432271,92.69408058130422,0
27.342529984625585,88.40181207202102,0
22.662178990921948,93.0629769589592,0
26.442150104872287,91.92026170058803,0
28.58888098021595,94.45913213459527,0
27.526493428544267,92.42757004994074,0
27.577502748807667,93.00297197833135,0
27.523315216017274,95.73187318978148,0
23.160759508506843,93.347061358174,0
22.83197579942494,92.58899061350506,0
25.711175663072147,91.46134546182859,0
26.133325165622658,91.47715634998626,0
28.271123363293047,95.92229653363857,0
27.608123704359564,96.38753038768661,0
24.82370181125403,94.59674178075961,0
25.794395475725818,91.71350454946487,0
25.258778740095195,92.06855147506234,0
23.63125947459523,91.93080618822998,0
26.866092557533925,94.54974032233669,0
25.957376188306693,92.64675159477198,0
26.5887871240635,94.96786641940221,0
26.461493029205563,94.43008973860448,0
25.94102848143762,90.12666046352852,0
28.07543442701529,95.61661179394014,0
28.220062110466454,95.98720614630088,0
25.921259785198117,91.82585413019376,0
24.72308208657918,92.40151197093172,0
27.41712583387748,96.6245448905209,0
26.18251027793405,90.53699529717028,0
24.429799241992793,92.27579790011936,0
27.750707758870703,96.4868286892629,0
24.730035213470046,92.45118117226485,0
26.425063226736345,91.04963965011669,0
23.74271362144214,92.272685589279,0
26.33156634448728,90.34192833593092,0
27.3466089485517,88.53725225548739,0
26.20400247106572,90.08057781681532,0
29.172817377021357,94.41101921983278,0
29.015496753965763,95.73914616341186,0
28.757334624350484,95.5093861209057,0
26.835543557243618,94.39262227556024,0
22.30586958649685,92.68649494556509,0
22.13055841733377,92.98558882717269,0
27.935423274666903,96.24076301974141,0
25.28688275084528,92.27048601825206,0
26.284781580130364,91.7754410303783,0
28.79634275430678,94.0823376667035,0
27.210176573459027,95.67653345960672,0
28.06365543641527,96.77769303215533,0
24.705717617009032,94.11403309412242,0
24.346739090702492,94.24085490563728,0
27.682787531537123,92.9860572787889,0
26.62442321183352,91.31255315505345,0
27.40576277902587,96.05870388930883,0
26.75614359442495,95.25883684204184,0
25.271713307708648,94.5862536666988,0
23.37074552073741,92.921436753736,0
24.676388650381107,92.46521881086935,0
28.198559240801263,95.36225098918098,0
25.152258602255436,92.78102505009763,0
22.68262300425031,92.63170965157741,0
29.185576011326255,94.3837697819158,0
27.805361031407376,92.51029393438336,0
29.39361980907232,96.07862495187798,0
26.200256653197783,94.75588064812334,0
26.944798694087062,94.45481123567009,0
28.69144739515519,95.44212822229693,0
25.940606190206545,90.565131403466,0
27.08530856031185,92.63532047669756,0
25.594370700277366,90.97592818788766,0
27.751321312934916,94.15280092108839,0
27.437696878257476,95.44587307514489,0
28.990185685768395,94.21378291718938,0
27.36155209600633,88.68939377435908,0
26.39857597004171,90.00076013833771,0
24.356161100695566,93.1555974456525,0
26.241649907905558,95.0806020876164,0
24.976996709310352,93.01325967938962,0
26.81130585285048,91.82882142271858,0
26.202673754217948,92.93090664058866,0
25.631869791639843,92.56102260996201,0
26.847189650897107,94.35725250489035,0
27.173953714414807,97.0729235212626,0
25.96463278935847,92.47906490957419,0
26.039376086675624,91.32526689565765,0
28.26676969153173,96.81097429167042,0
29.01969573995818,94.45114235423776,0
28.71417853802415,94.57659999266383,0
29.11834763302837,94.33058700727047,0
27.852676487797332,93.99988269242567,0
27.769575633779667,92.58374583384867,0
26.17742933308348,92.2998952157825,0
25.10742990314705,93.288527163513,0
24.95727901490246,93.39318762398972,0
26.192525912995013,93.80740204754723,0
26.407150866145546,94.77149434922525,0
28.362087565309423,93.78505526334976,0
26.151470634755526,93.36988292489684,0
25.210983666246328,90.81876808701914,0
26.37346346337217,95.09078974028716,0
25.333399099894045,90.14078107293696,0
28.569743613756593,96.25732060597893,0
23.925331503322077,92.95539217704115,0
27.02771600171184,94.1921093193196,0
25.101885923504998,93.70380860469125,0
22.806599089826026,92.51274584522528,0
25.496916233661672,93.51736175861188,0
24.03327793592951,92.08126219897548,0
26.322754016784497,93.91593824736061,0
28.258662905349034,97.07299527472549,0
28.007158677723673,96.68621498080898,0
23.904989771161258,91.40121701232478,0
26.019380738391714,91.49983240250312,0
26.30089341777077,92.75431615819714,0
27.15659567276421,95.54215423813422,0
26.84034702165321,94.6938438155115,0
26.92718899304744,92.59319896441951,0
27.915152853192264,95.85913035001829,0
28.074156622887763,93.742004852115,0
24.049784179405133,91.68649733040922,0
27.432693236495332,95.09934613348086,0
26.633259459415516,90.20995179804676,0
23.84890240046387,92.41600332256229,0
23.008676662885872,92.50946434560186,0
26.530550922105412,95.07125791939959,0
27.73184626062175,95.68380610088396,0
27.903597139222565,88.45105095199123,0
26.00541270107435,92.32206034366942,0
29.063672599893785,95.52860495834769,0
28.03225755444963,95.50612217952867,0
27.375342994565777,96.62599464730069,0
26.773125673040678,94.50797825344735,0
24.64756580763427,93.10391551627983,0
26.673250807313238,91.20363827200549,0
27.980818164402127,93.51104613553441,0
23.857057259772155,92.77968389064141,0
27.505430234610103,96.91611865871643,0
25.593625306549576,93.90838592766221,0
22.294858036293277,93.00325327360942,0
27.52988707157757,88.48235386780463,0
27.159903458947888,95.5134026858695,0
24.59308590661791,93.53759019523798,0
26.601785180060496,90.37959422214969,0
24.611433074780326,93.63555007564955,0
27.473227289835187,96.44840026588317,0
29.054629717896837,95.04808119116777,0
23.819810635975163,93.25368792242207,0
27.0510882315327,94.45265977598608,0
28.77937099728166,94.96911305975156,0
24.155874802889546,92.17509189996682,0
25.719575630363053,92.88714801621984,0
25.767524849507936,93.46571044067329,0
28.41368543130586,93.78287573279837,0
24.781244001135015,92.78300796078601,0
24.56929719645701,93.7662158014581,0
27.071737790775796,92.68287678132337,0
24.929788807604027,93.97851192353912,0
26.43852040785051,90.98793359536376,0
26.86288503860204,93.39609014884763,0
27.640544688060533,94.60337116926185,0
28.16146771853659,94.8063141388748,0
25.811156196277686,94.08799334232987,0
26.867260992919444,95.15942892255876,0
28.177780495191733,95.36462243594445,0
27.29268187071562,93.07291646449785,0
24.398878657344877,93.24161487558221,0
25.686647269508743,94.012542899171,0
27.576450234018232,95.29844100241473,0
27.3200025536543,92.11210918714315,0
26.543894966369834,93.01248165653752,0
27.454565088774245,96.82687551253358,0
28.426411132899236,96.15173069978891,0
24.997449117925704,93.74114390248914,0
28.986142057880084,95.04392098054328,0
25.998320331957284,89.83034557383857,0
23.77840648950714,92.98956899399954,0
27.797855527779756,95.22545125648801,0
25.958737847948225,92.07522930180275,0
28.13111432672398,95.12185867429127,0
28.96594394720545,96.0760889970375,0
23.27446127459172,93.23727169028547,0
28.63460085311762,96.3037659082426,0
28.811576821616963,95.06316191858693,0
25.36339282407846,90.34211433563273,0
22.68622838325667,93.09395349663717,0
27.48793646160609,94.85898574620335,0
27.270241678795053,95.19675588662966,0
24.842351253658396,94.12874926274615,0
25.119674866009852,93.92670394657169,0
24.726386990681533,93.48348276172692,0
27.737430891444827,93.85168995773019,0
28.361360767377626,94.0592687977644,0
26.011689465840536,90.82226014106988,0
28.486658197215885,93.41528159969873,0
26.47322470068793,94.3216469396355,0
25.284083689014796,90.81241725259493,0
25.040756669511172,93.5611734645655,0
25.235429505138676,93.82880885404573,0
25.585824167478652,93.29955834687671,0
26.10371636246092,93.60839543491404,0
23.858469422784758,91.32081535879448,0
26.589597524333822,93.3798644254936,0
27.975687067478233,95.97442517914708,0
24.114840670834248,92.32095935487204,0
24.940378094229352,93.47900621524431,0
25.956648048774433,90.50557971119544,0
28.00745301935781,96.24570957566687,0
28.22939751857321,97.28678990075514,0
25.3920298833932,91.74162371606647,0
24.121634496827774,93.66987792874254,0
23.288241871578105,93.03827436277057,0
28.542216070134504,93.40013029342296,0
26.957993413022503,93.0967063768999,0
27.360227280701153,95.154626864732,0
24.97521599841484,93.57911161494472,0
28.483355445542053,93.61921757562317,0
24.143503709822113,93.25746541734243,0
25.238456146828934,93.1014555508264,0
25.191180538039923,93.36579789334233,0
25.722964248211223,92.52322908273547,0
27.366319686488552,88.1957226124122,0
25.05911731638107,94.0544515224075,0
27.58537521311277,92.03322062632144,0
26.540490214533115,92.11276013837647,0
25.535066275616195,90.97753634324609,0
26.52323014885973,91.13131823391102,0
26.90643510835004,92.14461730296821,0
22.161297890047017,92.70232408252838,0
25.555487992366338,91.66726561173668,0
26.0129392965859,94.44922938132665,0
24.391079443672382,93.62718455535675,0
26.461471489906994,91.07935553061945,0
27.51690517306813,91.71980346222611,0
27.337102435082734,92.45224613952672,0
26.706252085994812,92.36776357531575,0
25.9744657557034,93.14108353413307,0
24.35574315181828,94.35872540376613,0
26.33860098786215,90.8820970139768,0
25.313428762059768,90.90073333165844,0
26.746299275805576,91.36479741685108,0
25.920675748285195,95.00024757090388,0
28.004247842648056,93.38078090415604,0
24.44895168586652,92.60292703083014,0
25.96124940470091,90.10158633182334,0
27.425963785425015,92.54934896302761,0
28.004242953375524,92.8240980388572,0
25.540179238694932,90.762367289096,0
27.473242462654177,92.17391179558604,0
28.029042064380608,93.54786855388329,0
23.519728659534987,91.73547724433996,0
26.362720295397793,93.42323082867065,0
28.62800377856809,93.92628392484373,0
24.5097987340648,93.74284558085469,0
25.94582420428256,93.22123043604869,0
25.550146443388435,93.44060003866738,0
25.938491972634402,90.2116384760505,0
28.947590752065206,94.67612023331947,0
27.592617731497764,96.4817169236278,0
26.982337114622442,94.82020136500543,0
26.32643152587202,92.13017428138211,0
28.14052368286229,96.37726690613908,0
24.563040229707305,92.8996916379189,0
29.055392926415184,94.98659192459888,0
26.333717071788477,94.8853558624067,0
28.304913097724803,95.89557116235027,0
24.40978807143794,93.4703062626866,0
28.904819671873895,95.63511554865794,0
27.88481099207837,95.48395349329543,0
23.491209494992653,92.67821926223544,0
24.884314697082438,92.93231882040783,0
25.994777271908813,90.59846777545576,0
27.922585462040445,94.18560890182826,0
28.4609852668383,95.94368684868245,0
26.28318215001193,91.49437928863965,0
24.296258037505055,92.7558002101867,0
27.590927434091775,95.10547968544537,0
27.725974000599667,94.30071647805703,0
27.38508607643852,88.40964932525507,0
22.38460096356478,93.00516099944417,0
28.159086824193892,95.51023798572324,0
28.37909528276631,94.75422570714903,0
27.1868013674112,95.41074926823894,0
25.674314808538174,91.57624032471423,0
25.775671108144692,93.6487693999474,0
26.21738873374857,89.97693759873113,0
27.240645557645784,93.90303023019568,0
29.289631785598182,95.92342038697083,0
25.177698642462786,91.4597056437527,0
28.418146606797773,95.72466669621184,0
23.741807972347576,92.59364890703885,0
24.123887243672907,91.70571143999864,0
22.94869121639897,92.78837811249957,0
23.7461384361126,92.58251526666842,0
26.039418599306412,91.97773316525358,0
24.160071421220685,92.91229516636542,0
26.716025722198303,89.93700333621445,0
26.97697019950993,93.15316445008507,0
27.030805950757397,92.27350632894624,0
25.920255431004193,93.45537929104157,0
25.667599871367024,90.45769929101748,0
27.630916229841873,96.6368137713641,0
28.414330108533253,93.90363982787039,0
23.247292709689365,92.76580002451652,0
26.558433932771106,92.2834437136754,0
27.260193019944623,95.82569235169471,0
27.71180296708421,93.0664410775457,0
25.63495905639334,92.27562251181104,0
29.223878207371598,95.58960673819215,0
27.876747886608783,95.13382036051435,0
28.255357795051808,95.72795287050754,0
27.777582622654634,95.2100366362459,0
23.507419581511574,92.74907160441755,0
25.653455377521354,93.16739475104909,0
23.701376062886546,91.81678438770574,0
27.667111884472387,92.23796745718482,0
27.339578267925127,93.700086937959,0
28.155721814078007,96.2222963919992,0
26.53997297133413,94.81986322809857,0
24.620011379570382,92.3537648323824,0
27.133979147473013,94.49371976615463,0
28.26322215524233,94.05922220949728,0
27.589383663627455,93.12612101884784,0
25.444223290179384,93.53406271075313,0
27.474431874455956,92.47450677642321,0
28.454090156246444,93.41142841901949,0
22.528028303874652,92.67510930561012,0
28.63865362403337,94.08215604358914,0
23.550470307387915,91.95321473738721,0
24.945558157138457,94.54064277952266,0
26.23914841331496,89.86044691520904,0
25.41245476336946,93.79684746975121,0
26.008062598724393,91.59090608485283,0
22.25053173132074,92.80020389512693,0
28.59745378938589,94.17051921254811,0
27.761133371929517,95.00148478682502,0
28.01903945755859,97.0783599521144,0
28.149309016895074,95.15278417004315,0
27.45328161594834,96.8161430259699,0
27.43715346622749,93.49607824605417,0
26.768306699735984,91.33189774735506,0
29.074740075544504,95.78811925112572,0
24.642519962950434,93.08911821727958,0
26.00773699020237,91.8158484299924,0
26.50563378255901,93.04973681495821,0
25.052934684466685,92.51492959127373,0
25.704497748989823,90.54330576972846,0
27.57846042444784,92.13282125835052,0
27.690520144749925,96.78578632245407,0
27.723962575317604,96.87130949159089,0
23.674469453288896,93.09177424811588,0
25.777210223076196,90.55444296465049,0
27.316667700590084,88.1038104198985,0
27.53540381533797,92.63430213164207,0
22.07681314265586,92.89121106701917,0
27.606811546927155,93.91378694842794,0
27.525501550577285,93.48321104406023,0
27.40953582397734,94.96887548451765,0
26.589364105889526,91.66169058982703,0
26.017403415594178,94.90347239614904,0
25.552692789652177,90.43782178944141,0
28.874105086052932,95.6825926218877,0
28.224418198846116,96.97193851466135,0
26.923340444418592,93.23243943321559,0
26.50984267624773,90.36609226560883,0
26.320152962114975,94.63084153604551,0
28.572129682846324,94.79031318338687,0
28.036877604658944,94.65233430105158,0
26.851584370603575,92.83802072145616,0
25.93538177442422,92.7201209408815,0
27.746951168132046,96.94679684699007,0
26.091785332423918,91.13348356497008,0
26.071402035282524,94.46694317660597,0
27.85767422225658,97.17367947865839,0
26.166270233755395,92.92293262438962,0
27.384328507842422,95.02175326222171,0
25.946468594819233,91.53061586509133,0
25.68612401847304,92.04879194448404,0
28.07287717519287,96.39016959305968,0
28.81455292849706,95.09960656376073,0
26.621449398564955,91.14176293909715,0
27.535715189299243,93.89635768594862,0
23.707713034728776,93.2610011285653,0
25.11488697576374,92.6296118207552,0
29.01590747222666,95.12727137068944,0
26.63278404973257,92.46168012128375,0
28.185559579879477,94.23919471209759,0
26.291377129476114,94.02035472862723,0
25.78020840587952,92.71825429659525,0
25.577857345694248,90.84509031853689,0
28.443134416667128,95.6427284959649,0
28.098943897888446,95.21707128059346,0
26.082534251622477,93.00589072792081,0
27.877642251308966,92.7167901432248,0
28.442424441099874,95.59193293272003,0
27.388914566295654,92.97805265828121,0
27.539120585796393,92.97483293760301,0
27.4338076061165,96.21240136260691,0
27.56594562196419,93.5557995349815,0
25.45188977177408,94.14368612481262,0
27.66394107605758,96.84798763735864,0
27.085825599396145,93.81097719737986,0
27.5939218097875,88.49111440763907,0
23.621755361058153,92.9956697301549,0
27.254600802471852,88.2251288088522,0
27.027520927600253,95.88174609840301,0
22.975618124492073,92.4116412757822,0
27.66313711407798,94.73429668526768,0
23.831407092207918,92.62247653463157,0
25.307196116220265,91.9533022488947,0
26.056935971666647,94.34584335339939,0
26.841902914937556,94.30253754262756,0
25.228339379196946,94.49960914144005,0
27.573691844483186,96.26106628384414,0
27.477601565360377,95.89686768616673,0
28.673086306316918,95.75324502273192,0
27.71123489381516,96.40504639908224,0
27.229370003757445,94.544210972224,0
26.289166087591898,90.72496287171293,0
28.81025050206372,94.95550387980947,0
25.524412443437853,91.44100196419565,0
28.01753182378892,93.18311990784132,0
25.692975821695455,90.45251910735622,0
28.11326241371156,93.51362681000327,0
25.319473951066183,92.64380905340369,0
28.367781358302956,94.02392567935746,0
27.677996554276113,95.64651835862387,0
25.415953620869757,90.14705872127962,0
27.747796667899863,91.98739026095562,0
27.619832334207832,92.53105008276003,0
25.561163457481324,94.80575226580169,0
23.56949661587658,92.58737468428313,0
24.380824047857846,92.32738184435735,0
26.17428448729635,91.13644687533328,0
27.739337110037397,91.72018689730191,0
25.82487109774549,90.83493964071386,0
23.496957347005193,92.50802302699597,0
23.5798453233539,92.9853731770853,0
27.374012570208574,95.87022685001445,0
26.511136403767754,91.8330848551487,0
25.878464080773217,91.71038297664302,0
27.162430321542054,95.34639601674547,0
27.750061816351494,92.4707082595532,0
26.28783550571638,94.98947271588499,0
24.360890972185157,92.24478019893854,0
27.484717339028595,92.71442902330249,0
27.241768399008937,88.272013350065,0
28.19537514583342,92.96614831269892,0
23.520915826638767,91.79552247013089,0
27.671595746203927,95.87042443061489,0
28.187538614841543,94.13444794275412,0
25.628454957333183,93.71610952356716,0
25.137280203569702,93.4513674149798,0
27.65576488334957,96.67581115367003,0
28.007602710375323,88.76802164032922,0
27.79920241303411,96.36165558949048,0
23.612991618854675,93.30318485226161,0
27.519995442553057,95.12134700052894,0
28.57018670221907,93.80104285236064,0
26.17872293287805,92.04742642877433,0
28.434993037209875,93.21052492525452,0
26.366116985655996,90.50138605158914,0
27.57633160256466,93.52468489180026,0
25.74563140226287,93.14628926657139,0
27.611092150268618,95.96979673103121,0
28.295235090855524,93.60588421119058,0
28.74435088840355,95.31309375419916,0
28.032920365497887,96.52800697294401,0
27.34299042237851,96.44898525433382,0
23.64116804147565,91.81788563899819,0
25.73530696007612,93.22386647411938,0
26.15652070667284,94.54707304183633,0
25.984489724950024,91.27264970104882,0
27.559040848658984,93.0732869624891,0
28.198985488691996,95.42618818909838,0
27.81081765537624,95.07551714421088,0
26.543852034449536,93.79169723488664,0
23.76677949297424,92.67890765498062,0
23.430830901894502,92.53516538653102,0
24.829467170747833,93.60847593250222,0
28.46473232075264,94.03732542284187,0
23.66407452067491,92.53982300477817,0
23.686946704777725,91.77992764962336,0
29.045656344354594,96.04954500130347,0
26.965688676822282,92.79437417131643,0
25.143994880654827,92.22914737308108,0
27.70829069956551,88.261000188055,0
27.52295883891363,93.02327877822697,0
28.95246113507548,95.45022334066294,0
26.385598981264906,94.93071996032728,0
26.024587055332283,92.64342248542461,0
25.186882143788473,93.9727448547451,0
26.14092614410103,91.34287669808016,0
24.63407699223539,93.81729629546648,0
27.331687511840492,94.26853103095365,0
27.473394645797924,92.99844917810519,0
28.18309859991561,93.10261712079875,0
27.81129714738389,96.23685072571722,0
27.487490168792004,88.76584098862375,0
25.95348299577467,91.3276346842511,0
27.929265423669463,96.79082732966536,0
26.097882570982367,89.78626792114483,0
27.663334668056336,96.29246415176723,0
29.05777217020017,95.46622301950212,0
24.103538650214542,93.40260525131643,0
26.496860299440257,94.17087907725232,0
28.255355844883216,97.06388325098324,0
23.592774176685037,91.49747219267434,0
26.3945207725664,91.60638643736613,0
23.02050522652385,92.5796432618339,0
27.57214517070315,95.8237680880934,0
23.583612255682873,92.95442429847462,0
26.248192045604036,90.15821171651581,0
25.87879033055075,92.4927376847488,0
24.139993975824794,93.8752456196304,0
25.790271786332433,92.16157093146728,0
25.66095564265358,93.7983501036409,0
22.525324929641016,92.67700200490057,0
23.588396158482414,91.25883874966195,0
27.817056997721725,95.49641423331009,0
25.710392599241224,91.66654688559748,0
28.518785257992562,95.27625647774754,0
23.943589795154782,94.14937721350597,0
24.490596363889924,92.72071032207303,0
23.25241542191474,91.68622833598661,0
27.946339821312574,93.4792513704991,0
23.59855771949712,93.02877261603483,0
23.91070029286069,92.02959445055724,0
26.71967589519133,94.94092360126962,0
24.149646165994856,92.29534431094048,0
24.01574032514084,92.30874696097499,0
26.02082909934701,92.25550077450042,0
23.699898173732016,93.21511168930367,0
28.029516408917193,97.08082896325725,0
24.745449637754962,92.87741149743546,0
25.831108391893483,91.15704077380283,0
27.18939262133116,94.12094173939218,0
23.949525104615123,92.00576152969664,0
25.772202051411803,89.99844823620926,0
24.922993622970477,94.07205927816076,0
24.984656926188908,94.60066023646137,0
28.394421209183093,96.57835959904992,0
26.774480081547058,95.30813042549902,0
25.34266770903921,94.09490832730086,0
27.659183858203214,94.36949854332236,0
25.48269649895822,89.941783406228,0
28.060156504586534,94.5586637138939,0
25.73095237562806,92.5394496674712,0
26.81616320164486,93.28638409306822,0
27.69731562247273,95.2022879776255,0
26.0421487787488,91.7864182456205,0
27.38344203508591,88.29192649186889,0
27.682352452735167,93.44474559848838,0
28.032897835949672,93.47740200620349,0
27.710436679838327,92.79695219860544,0
26.57381383434337,94.33801730282762,0
26.20459781419205,93.05582044601178,0
23.91494701885276,91.82169298472147,0
27.343365098740854,93.57144577086129,0
27.11006155444316,94.26248017768111,0
27.743136938355022,97.01470173155991,0
26.53457454345284,91.94692367714514,0
28.807150282761828,94.99225003922376,0
28.048992430680638,94.56805626040251,0
27.831395408916684,94.53386744369972,0
28.44014685116901,95.14382735536464,0
26.835577703116574,90.3869134293681,0
27.753041639367076,96.67032990068913,0
23.472217140066867,92.83650304907923,0
25.999673958233625,92.87790211646339,0
26.84152771293763,95.25447867009214,0
28.208545568263396,95.9318164766939,0
23.04864459413256,92.7844698928004,0
26.3009540628706,91.19800418863743,0
26.19177778165227,94.04361157359077,0
25.4540866243334,90.60324174542967,0
22.50645414214914,93.08711590466318,0
25.12336567256263,93.58063867115192,0
28.670806968821367,96.08346834679367,0
23.230661227544168,92.45174256763792,0
25.374032051354217,93.98736526897848,0
27.994366385812064,97.35898818375466,0
25.110548157118252,94.33438806133864,0
24.811061884827748,94.1317397475848,0
26.771108055092157,91.1522124602694,0
24.161951619801822,94.23479978970573,0
27.130701706252474,88.40745056080412,0
25.13790514712386,92.72421060589623,0
22.535784275550512,93.02085687748468,0
25.248544679325928,91.46439353539728,0
29.02666321838843,94.40161916118977,0
29.24692304930739,96.22564581792372,0
27.33498361622903,92.25923444910258,0
25.691049557497408,92.87968236057087,0
26.316180481632536,93.3419712215835,0
25.031147833536927,93.83958853920227,0
27.470105549179973,96.14534035935286,0
24.9490272493287,92.85145366154266,0
27.284303766477557,92.25143545760794,0
25.204991590001296,90.84293472430355,0
23.79938318853412,92.94944473486731,0
28.017055126511245,96.42784052041715,0
23.446290255617658,92.97471648453738,0
27.90363993215947,94.9799549528164,0
28.49296179449945,94.88499028420718,0
26.184824575565713,90.05911111625247,0
26.391137779409412,93.09002341319982,0
27.85468287478013,96.84718767058821,0
23.687009691358064,93.37280582365607,0
25.586185776689582,92.02287398033765,0
26.624053560112884,90.46607565117979,0
24.72478772652373,93.03175812202181,0
25.900114044737528,93.38825319563004,0
27.693455148348697,96.61715909193366,0
26.77133580487783,95.26246730094675,0
25.67439977415337,92.67378537444507,0
26.271942537055043,94.2471799127903,0
24.450124978155106,93.85962239048607,0
28.23038218865075,93.63031031154244,0
25.584680468721217,89.98616334448593,0
25.315815193275036,93.18218618511312,0
25.185601648669547,92.18555319553371,0
28.599376563511353,94.51591605997925,0
25.48049771366951,91.03324756416583,0
27.790621247976414,93.73071351882676,0
27.85862110759297,93.93352188994041,0
25.990580170701957,91.27541027249988,0
23.956866461884978,91.61771562470008,0
28.065699871040565,93.26109630054842,0
27.42582239948288,95.6057418376053,0
26.599739590859773,94.3020412778372,0
25.642010478015273,92.45688490688131,0
27.668305260306667,93.69222934429237,0
27.873932638409002,93.14441029788743,0
27.713766768337692,94.95386266649788,0
22.240365219315965,92.84180529865175,0
26.66888371205035,94.5304393667085,0
24.361093547458843,93.72864242571221,0
24.8159638251691,94.51799326241989,0
27.724617161324325,92.07341502217066,0
26.494110165297037,92.55251700069562,0
28.12877965412358,93.92719101237833,0
29.308516937782457,96.14995982971135,0
23.166833025057112,91.76637607179754,0
26.410425728251624,91.80338771164702,0
24.162203899751393,92.28792862306938,0
26.460247960681205,92.43421885282342,0
27.75437210000482,96.64707111962548,0
27.55359792114409,95.7478193786846,0
26.24707844883488,94.86718074086917,0
26.27932056979435,91.97209603054695,0
27.905617166664566,95.56951212417749,0
27.231678448290776,93.42911800416677,0
25.598848480613444,93.23458321944788,0
25.314839854512524,90.04364413372215,0
27.440981668753096,96.35157041783854,0
28.40916767058246,93.52710585281842,0
27.715365336063194,92.3372457181902,0
24.732357787863613,92.40702463131925,0
26.43643684926036,90.18637615356461,0
23.3449227909364,91.7013474270266,0
28.045960945665684,97.23882152457038,0
27.346397765291687,93.60796272634192,0
28.30145038427931,95.17640575178396,0
28.464669121551733,93.62558874618306,0
25.652746309214763,92.6660156764693,0
25.12392892488525,92.2204620033805,0
25.260613611537973,94.39899707342681,0
24.39647517328164,92.17057041060086,0
28.04844624449204,94.5400602813422,0
25.88897998758185,93.42310883915437,0
28.98977869414282,95.9803711385737,0
26.1073527379629,89.8436614303453,0
24.36540733918204,93.72105356551454,0
25.40200276917342,93.1538759077142,0
25.539445624623696,92.46866300923259,0
27.441753312088462,93.10802256308031,0
26.774600178444608,93.31108419391464,0
27.134445401206726,93.6875046764309,0
27.68295865132084,95.67828250207602,0
28.97504228341138,96.43307396416553,0
25.403381980453105,93.81541895183453,0
23.18435730657395,92.46255228430529,0
28.468510089313536,94.13874151975634,0
25.825407511110207,90.76986626457914,0
26.90595640584238,93.6963935173741,0
25.270747185980944,92.11491803298703,0
27.130855193242414,93.86264930878922,0
28.204140639306203,95.42564559441144,0
25.194964276858627,93.8916131245111,0
27.803343476876226,96.60079306809133,0
25.648529432375657,92.40654064256498,0
27.434804563900663,88.2781791821429,0
25.72875731231763,90.87233596159464,0
28.14207679043493,94.03164699989767,0
27.649274188104094,92.77222282761699,0
23.784716753233493,91.81805335620061,0
27.997268318512525,94.2388964716248,0
26.257476685801684,90.52480092326749,0
26.418049544131307,94.08218139176417,0
23.5119440908829,92.92619490728356,0
27.735550363667766,94.39900076860876,0
27.573645171778242,95.8960525763455,0
27.268889960924632,95.92867895178226,0
26.44611732823674,94.6497560598512,0
25.155478555874847,93.55188236204654,0
26.60776447381175,90.97347236507075,0
27.773201695892965,92.11586837944036,0
25.956371543386425,94.13132405571292,0
28.16178947684431,96.74681158879969,0
23.156342136862065,91.75087434043608,0
25.410199113295842,92.75037755578983,0
27.76773557099694,92.96038349619202,0
25.328588719756187,94.05652873479387,0
24.12347919492357,91.65913607639709,0
27.383804420389275,93.42269302262397,0
27.566358532297528,93.41723932669471,0
27.05350360571729,92.85658650118236,0
27.10806933016968,93.87389618991162,0
23.10027327890185,91.72530293828035,0
27.45242755145636,94.44593470539674,0
22.33366793415669,92.93612443862052,0
25.062726074942958,93.00361645610325,0
27.733786098941952,93.54672247568156,0
25.49459675091461,90.7959153327633,0
23.4581391686506,92.98790986466956,0
28.235441809140156,95.72627305793345,0
28.466980698464205,94.87653519907538,0
26.541857603424944,93.03858291390999,0
28.507525305886514,95.03181157096734,0
25.519589987322366,92.56965424808328,0
28.296675127631623,95.73273002593075,0
26.27388169476124,92.59022009472999,0
23.518560422222382,91.67142968942107,0
24.782129495408263,94.51096557646078,0
25.68993867340113,94.0207903562798,0
28.174403897893892,95.16869070997619,0
26.58345879839899,90.55299368691179,0
26.83694912262982,95.61497029072055,0
27.54008090883928,94.26360257588311,0
25.485983772351275,93.01899485182838,0
25.404033260421734,93.74351381181688,0
24.263758110057655,92.83939674847076,0
27.180565205554593,95.58901269040548,0
24.653840536186767,93.1698340089446,0
27.33183700528781,95.12615936661099,0
26.383000476773784,94.19042264764319,0
26.773490159155294,94.41771745679358,0
27.692514110148473,92.41875777156841,0
25.707905807329904,90.78458720403444,0
23.043950291073838,91.5985210735555,0
24.291202869401406,93.86755462627511,0
23.59621782888157,92.46593107214767,0
25.329030856034432,92.73694596515435,0
27.05246136046989,93.4008303029228,0
27.681631800135047,92.03967398859083,0
28.140800988696434,96.21828651923245,0
27.317054974956932,93.91295771517558,0
25.311804210644844,94.32104855421045,0
27.232761682646352,88.6760491237014,0
25.345008744522133,89.98770260201104,0
25.809773509593317,91.32832666392106,0
22.427733109264636,92.6572820039375,0
27.675575967873407,93.90825868017238,0
29.16103382800801,94.45405697000972,0
26.408004059774697,94.41655746475097,0
27.858046657060818,93.67737888403411,0
26.696675420943983,91.14969081122315,0
25.876049752562395,91.65005247094207,0
26.874500792394414,95.17949741757188,0
28.02414490596679,94.1119541343051,0
22.933121955702905,92.53446522438854,0
23.04435035087787,93.22812440676061,0
24.85724870213417,93.71562161274474,0
27.256642588123114,94.24259917426801,0
28.333579307452446,94.22943206135767,0
26.51181733837237,92.28134429166636,0
25.403775840437223,93.7860132718109,0
28.42927008530084,95.3724213760423,0
23.377555031898723,91.34309372203069,0
27.704449569895463,95.90753521477356,0
26.697358617675704,94.41737340597528,0
27.717165280604572,92.14839130126185,0
26.784522466550477,92.9457384779566,0
26.59005192106741,94.36243949541176,0
27.502819508689388,92.86847246759132,0
25.77148540664766,89.9792951096871,0
24.262299657350916,92.55655309195805,0
26.6630212488317,91.36985949489058,0
25.796150007928915,90.48850353805277,0
29.118091145931903,95.66818985919035,0
23.585427153278516,92.6995526348489,0
26.977580860676696,94.2406510622554,0
23.69750022148305,92.79764569815616,0
26.921353558798273,94.05251411596527,0
28.37120194487949,94.9348020315597,0
27.500678050096596,93.06556295768084,0
24.832250809290887,92.4394734257101,0
26.24713082143717,93.1334835905297,0
25.13625330002512,92.16695885615054,0
26.092921211459664,94.08069194988349,0
29.035404622952903,96.39049718639873,0
25.548808004513976,94.58380916846887,0
25.60405334334673,92.24023640480974,0
26.3915487449746,94.77102164247852,0
26.268474850685834,94.0833167314049,0
28.045866669866417,96.67701644992454,0
25.234265745144658,91.99232760757556,0
26.562965229658364,91.09007443878886,0
26.72399346270702,90.60764209561651,0
28.028528440200297,95.66022378281484,0
23.582081836130953,93.34821354261771,0
26.548458046078924,91.16017667279621,0
28.39963905241866,95.46522550041387,0
27.80639096254097,96.711236587076,0
23.86530208461559,93.17632323692399,0
23.841768228051244,91.40780672598345,0
25.3868182630858,92.87298785530592,0
26.377656644705347,90.99059171906902,0
25.66948139410209,92.10579216091138,0
27.195870611775316,95.57406826041685,0
27.38192304847725,93.05023434698282,0
23.662267943263736,92.53759982348585,0
25.044873826139803,93.94698719193755,0
27.94896370132155,88.74199316482395,0
26.992843665571236,93.94279900151746,0
24.428620037817844,92.28153325237157,0
28.440353067012488,95.73930131636808,0
28.025756296994658,88.69015631465305,0
27.532135046032835,88.12739671627799,0
26.931634622764978,93.78381160532936,0
24.230017289387266,92.71824258838535,0
26.52641732747223,92.03763888526692,0
25.79329548281607,92.04893809990331,0
27.43156275771703,93.49609902530347,0
25.355424912251113,94.31091605593609,0
26.08039108422509,93.88850845967437,0
23.274736241108016,92.4484510226915,0
23.686451565097272,91.81737548932706,0
23.27636712741079,91.61885942442915,0
27.866949357764224,96.21279982652815,0
25.785003309929927,93.83682406665376,0
28.32950526447093,94.57364451483342,0
27.791091876682287,96.93320800946123,0
27.35627865944158,94.28179692175166,0
24.48427700530914,93.28787489412801,0
27.198708219804843,94.59000640290174,0
28.56807728251284,93.43258412946417,0
28.624749896126755,95.04337502912169,0
28.794509728218223,95.10955999327994,0
25.38439595507407,94.07440176609781,0
27.54643941528034,93.1549444281253,0
26.068216406910604,92.71461386821386,0
25.16990251533844,94.29902371241043,0
24.899951812640506,93.0736074033542,0
24.167972378155262,92.43426752409576,0
26.748458512325954,93.80225445663943,0
27.599904166621684,95.14658660512339,0
27.865395783301974,88.73774147983812,0
27.01107759366816,92.71350250540452,0
25.817906897827612,89.86176605846478,0
25.507197908569808,91.58023497662558,0
22.658152694573417,93.05391857220233,0
25.128106529575376,92.54316939138022,0
26.108567920068474,94.70157934593487,0
27.448368013308738,93.4067712009585,0
27.832804446309098,92.16759918452242,0
28.24922343781068,95.05021475599274,0
24.86461040539931,94.6165305140296,0
28.94476110981207,96.10222258273606,0
26.249806590241782,92.76552549152206,0
24.13859527194404,92.33815331278223,0
26.60927739199701,92.25668115983966,0
24.41332800338687,93.65345551006669,0
27.760255743362727,88.27124858021477,0
26.212395620192744,90.57032646407653,0
25.524163100651382,94.27202222715101,0
28.21085738678398,94.18655169487437,0
23.829384080688783,93.13004800126362,0
24.069312797245388,94.16456707121185,0
26.38269479533559,94.19504000747528,0
27.74747446167543,88.45945440746927,0
23.07285519184099,93.29378056923599,0
28.575634025833715,96.0330460474932,0
29.201158611373287,96.24883751088784,0
26.47230476409736,90.32910064303641,0
28.241733726018854,96.73739884195454,0
25.669220122893428,89.9232829233072,0
26.32739368933254,90.9212336486859,0
25.586935461113207,94.56641726188492,0
27.754608994150182,93.72386212829392,0
25.77882757103904,92.62670198788805,0
24.15690123915114,92.04240019567169,0
26.49469110396692,90.25760311563153,0
27.87510602322725,88.7614978590829,0
26.2869688274548,90.70343236413055,0
25.201334995171507,94.23447699568229,0
27.642118246839537,92.68299819348891,0
26.02512849665784,94.6377323225217,0
24.01656718578407,92.95433263094107,0
26.4895187188335,92.77545678803794,0
24.679934046884945,92.7583685403741,0
28.611852340103724,96.01915193891301,0
25.525464322246794,94.24808173137056,0
28.099331093959282,92.79952641569342,0
27.21143888362043,92.19634739957584,0
28.02117391503461,96.25614895747196,0
26.451859316577252,94.3324889672227,0
22.99907467285487,92.44670883145098,0
23.6662454775238,93.2034691148609,0
23.302088043966,93.23968189967944,0
24.076708712831493,93.0515173857301,0
25.89873352933003,91.3769603460621,0
26.500707195096748,93.61033642737038,0
27.823457871404393,94.6353295137748,0
26.780165330484845,93.57793468878323,0
24.644731927170415,92.61274761752313,0
25.4347795512282,90.27097039076818,0
22.900539174862207,93.09287378002686,0
24.19857901369499,93.86005422184843,0
28.788867846168728,94.70831517597142,0
22.579760103777087,92.80606327073725,0
26.120421903392458,93.74897260766956,0
26.148868809022918,94.69020458317749,0
25.437021439146047,93.51339196669022,0
27.39922273594752,94.76875632703586,0
28.068545783249554,93.20662209368321,0
27.842216453610156,93.58082826004897,0
26.03963673013033,90.62812754434027,0
26.27430436934375,94.93652014358827,0
28.21751642727868,93.67846554190108,0
25.175618608050147,94.00644971263432,0
24.435325434602948,92.33376479069179,0
24.04994946802313,92.51437622115552,0
24.93887495529994,93.78222657045644,0
27.764128845975513,92.70226017518583,0
27.53891329683883,96.48181206601758,0
25.963218123313453,90.97658601460392,0
28.217371765010725,93.30579772885788,0
27.921843384469284,94.36389342522078,0
22.988394651222656,91.64919059184237,0
28.1725397441616,93.70063229482781,0
27.1341091861967,93.65356722159086,0
24.21313069330204,91.84092427208623,0
24.996462737108992,93.6914455527356,0
28.254287619902218,93.52454675879628,0
25.703833825043795,90.85198252105984,0
27.812016348584457,95.73324239703739,0
25.08576998992431,94.32410946765502,0
26.59854013717399,92.61306679070032,0
25.60676389768362,93.68748985350221,0
24.053110969451957,92.63957991187918,0
25.809279942181842,91.47613933389592,0
27.412082687091967,93.45872120779752,0
27.807508600389234,94.84613903397491,0
26.838574366938605,92.41860781179393,0
23.270583466448585,92.43936717157636,0
26.060022309998576,91.83630441286795,0
25.540888578899686,93.15534097395894,0
26.675337130448753,92.5041553558222,0
25.59984624998183,93.08066879674638,0
25.82955459322085,90.68666025722231,0
25.798036231055505,91.9049810882885,0
25.353459193582378,91.17706910012853,0
23.89416475834042,91.25159240863587,0
26.897397043860575,92.73335440485916,0
24.80062814611595,93.7711827511009,0
22.89439953180177,92.51284523075445,0
29.19833926186191,94.72063527983958,0
25.046241609396567,93.37183739772641,0
23.5228079925029,92.93629370250689,0
28.070080431425882,95.56877852842105,0
24.143904632230896,92.06476682632902,0
28.455960274487715,96.25497931349099,0
28.219828176462727,94.33554794924792,0
23.89811298815782,92.16069218073693,0
24.148932385116655,92.01567635600317,0
26.288180287500214,94.6694228515414,0
24.400943922125087,93.03066549216936,0
25.306453885950965,91.94075531983593,0
25.644216161338253,93.62708416932101,0
28.542787208266347,96.15766850734543,0
24.14292850787546,92.65084445678491,0
28.97614724862791,94.5855415090816,0
27.381568551614063,92.37083399079376,0
26.872814879080398,92.32678695383795,0
25.34764677106347,94.41068715833518,0
26.210134450732234,94.62244275344314,0
27.432777096844013,88.12282180789822,0
27.83902159545056,95.60810541911577,0
28.124123529986463,95.91831955833642,0
28.648192051870367,94.78113525821432,0
25.83840223047034,92.74439949295243,0
23.960157000964557,91.65693083448548,0
26.027638835156754,89.93564076453067,0
27.605076805969134,91.98746646921225,0
25.33692467285779,93.4294863420661,0
26.005966489265987,91.82401058439002,0
27.387153538837865,94.01119397840904,0
28.35076823462476,94.0297838944169,0
28.643008415037976,96.25388618625689,0
26.184090187708943,90.03487480530072,0
27.8635548284231,93.00024957918335,0
27.139863181442152,94.67246762636704,0
23.571183208886428,92.93751355143894,0
25.775024473378487,94.01857226275976,0
27.42080537904087,88.34816775288826,0
27.111117692344095,95.84900278102187,0
22.71541740043919,92.8541207070285,0
25.825813399603142,90.9994845015104,0
28.627390015118515,95.44169609209894,0
26.50306772667789,94.5355315029571,0
27.221170222695616,92.11034883519339,0
22.743077126929474,92.8626310119642,0
25.833636340673927,91.98310015744457,0
25.863417629283443,94.25427435158942,0
28.48596220929518,94.77526690680007,0
23.366886247150195,91.36399895794139,0
25.997395795389544,93.54046204973407,0
27.73847847416522,92.79892327188493,0
24.064517968228298,91.6587927344004,0
28.754158531589795,94.5964867732323,0
27.067586857816735,93.0832518843095,0
23.954609468710697,92.01061812467033,0
26.064635913681172,93.69735601916331,0
25.176161053743105,93.27831081132152,0
26.811928355438518,90.40993080905469,0
27.49906907863488,88.58795373339603,0
25.967686171396455,93.31710953060782,0
28.27963927736796,94.01844287881187,0
28.450169338720023,95.95215745277498,0
27.45267488848097,94.14595792131385,0
27.81199933986366,88.59028988879918,0
27.146007636180443,92.21473060223262,0
28.2182922172238,95.37959068439102,0
27.041519157522185,93.48877567652411,0
25.51286452623239,91.54882425945792,0
27.749142748167593,91.79735253269774,0
25.36627641936247,90.7948768601318,0
26.510189596761798,94.81298430414564,0
27.812741113359667,93.8796385806662,0
28.245159084089103,93.45955125098149,0
25.539235343330915,90.29900819630346,0
26.158499348932615,94.75976212269319,0
28.438789159391774,96.64688286848641,0
26.23323143358885,92.44935304272363,0
25.743311747506162,91.89635648219691,0
23.040723824064045,92.88604571012057,0
24.27591529378117,93.07667332388439,0
27.126941075777253,94.91834579035363,0
26.37451716322366,93.27175602480374,0
24.955252259375754,94.13871182738184,0
27.43119123594689,96.27644903046931,0
28.29955011211498,96.56286453322316,0
22.277613202329757,92.96387892087688,0
27.079804173236532,93.856085887497,0
27.255415988448437,93.96625724354716,0
27.73735487649442,91.71530679153408,0
25.957290744157913,94.0540581262219,0
26.72041655633295,92.89981875536937,0
25.393407181201194,94.56836498278281,0
23.869942797285884,92.31779121270858,0
27.342194392891287,88.7047097183499,0
26.067850513213763,90.00612768855794,0
26.596573582164613,90.7405444418347,0
24.992066406046735,92.57934459731393,0
25.77138217502738,92.51254879874928,0
25.19455963341641,92.95670892926259,0
28.55604874768765,95.36655738565742,0
25.813799157030637,94.50935109836394,0
26.08152353775494,94.03644751383062,0
27.027389887830395,94.72552426416455,0
24.133344374431083,93.4997538450115,0
28.024160173996513,93.32930834692364,0
26.624818417318618,92.5271761953232,0
26.48013083120467,92.67507789558593,0
24.170611843114543,93.17367346464152,0
23.354616469112372,93.2488690612497,0
24.856566456915218,92.55137028370287,0
26.32547884587145,93.38624353484698,0
29.144336197577708,96.12476181082974,0
22.63853825328237,93.02168758939219,0
24.570952148613305,92.36532980883747,0
24.961692772906233,94.05810756822633,0
23.240223481134933,91.63057602308007,0
27.221337918488246,93.4103141642904,0
24.675556782175327,92.42660250003405,0
27.905111856305922,93.98222987256639,0
27.13577237576195,95.59633298438435,0
27.78746511025364,92.67538087759026,0
28.737575781363304,95.42924981991138,0
26.07156031971196,93.05536355982824,0
26.056956546293446,92.04480895387451,0
25.661777192557754,92.09385215199431,0
28.417412859139016,95.63999312228793,0
25.49800474241096,92.94317503304572,0
26.522924570232096,90.30329977606384,0
27.758616596927972,94.12688567825167,0
27.745927580477165,93.74747665839767,0
26.433480451041643,91.18237501633486,0
25.97070466638197,91.35924225435622,0
27.683503538074838,95.44297216867201,0
27.645868869502515,95.14254670429864,0
26.208317164264272,94.5639975659563,0
26.172060483977578,90.9420540199062,0
23.62431447168393,92.6324488127658,0
28.400824358873056,95.14203157345702,0
26.275748521096,90.59535606553716,0
23.928327289902917,93.19544548391642,0
27.947116231547735,95.75649504743637,0
26.649825107777456,93.50791610341179,0
25.268461447255774,91.634115638598,0
27.352234349356117,95.18023575757819,0
27.563123670967094,95.16664316765761,0
27.60898556757001,88.282599343885,0
26.594561037468942,91.17119448242018,0
26.57257652664743,93.56030235232888,0
28.82157558530369,94.6293861475138,0
27.98958256626233,96.9207110711502,0
27.822624867229223,95.79397966905191,0
25.936415164500268,93.23956005731642,0
26.88885591154959,94.1247096041902,0
23.861792865056614,92.44359039113695,0
27.71322855372106,92.16329231651072,0
25.45131398818802,93.71264302457134,0
27.262722443220884,94.09353609955622,0
27.00607879625122,92.40898530969542,0
29.164494128918374,95.61643356974804,0
25.15631684398865,94.45462569994214,0
25.728729987854326,90.16120901035559,0
26.408200601931554,90.32663582157294,0
22.97040405374259,92.84277592730774,0
26.78273029217994,91.26736167150149,0
26.416877365257548,93.82894546210755,0
25.660601878359337,93.77411578152288,0
28.615928806104574,95.01365460127069,0
25.72556301466684,92.26693961404949,0
26.49010537605577,94.76971526143703,0
23.488234958695333,91.84859549994856,0
27.13121275840959,94.39927202189885,0
27.876533371520782,93.10466327704246,0
23.773252256867263,93.17758340557339,0
22.681642927457556,93.04556833028263,0
26.05599542216213,91.41217652458239,0
26.080592670230654,89.86414116607006,0
27.443013986800914,96.29878091102562,0
26.998340440200217,92.92857563245617,0
27.38627427002927,94.00214546273278,0
23.727886823172266,93.3268614580973,0
23.787898302004205,91.58809407277633,0
26.39922241293481,90.89133497260494,0
25.598322668318687,92.54475972323151,0
27.33815779137358,95.34988578066465,0
25.377513028085648,92.08938708451903,0
23.96446545897579,91.4452833441072,0
27.91769535648533,95.4806710047328,0
25.39275893468132,92.98605472691443,0
27.81838093670578,95.09542757661964,0
24.674718285919187,93.70445883354326,0
23.00697311890796,91.72959352364826,0
26.455883862897434,92.27568618902367,0
25.69182721581132,90.23396317750809,0
25.297702436963583,94.4456668957996,0
25.710713651568515,91.91615473121033,0
26.34009395350466,91.78001911965376,0
28.180380358994643,96.69532159618035,0
25.25609985838283,90.0688080548171,0
25.536124227493275,90.70557071476749,0
28.921292301818667,95.17016149718097,0
25.659637201759544,89.9375280293494,0
24.29710661634334,93.07593802464713,0
26.19501154345334,93.5883369765693,0
23.569026857137967,93.19399609597131,0
25.600801754772565,93.68418629220058,0
26.761861998133256,91.787281555288,0
27.701180896159194,93.43320835087182,0
27.806216390507824,94.65803952094421,0
26.785588294552944,92.54862826554707,0
27.53048549412619,94.45728513557263,0
23.120690303268045,92.52287063547276,0
25.977490046111615,92.20828905247362,0
25.31314829202264,93.77321491256414,0
27.88594811592379,94.84823158321429,0
25.530381526587725,90.69019094202595,0
26.56320781990435,93.88094645559534,0
28.364660956578916,95.44374176441633,0
27.492423737849634,93.20984035780076,0
25.196263198317848,92.64227413026315,0
26.695228358219993,94.44901366458782,0
29.146614077356105,94.6544578656255,0
27.54568497490925,95.09373187453912,0
26.52183043654578,90.06091079341637,0
27.28740278022535,94.10644775442594,0
25.69991593729821,92.01715935980704,0
25.905315425426465,90.52945499406783,0
24.276625354983103,93.67196467985057,0
23.16933782330769,91.37076806946976,0
24.16660593938712,92.86198831924247,0
26.438289287357158,93.521041871333,0
25.566240822165003,90.62995409040298,0
27.452901518310135,93.68799585853674,0
27.789142798901874,96.39741409782961,0
25.654308499877093,91.96972043351529,0
28.103009067988438,97.33259439015303,0
24.9140146261803,93.3842802956253,0
28.14751817614577,94.81202988276154,0
26.115855106427603,91.00491682204975,0
27.779999977753896,93.68189588418296,0
25.47942399394626,91.77203633073215,0
26.35882572211974,94.5529099821753,0
26.29975913642112,92.3818594125754,0
27.227879339624703,92.34508780772087,0
25.34793057993032,92.5078750158752,0
22.9642059558893,92.51354113599962,0
24.240182031873058,94.12699723452843,0
26.80432964755284,94.92152167212296,0
26.03622659511479,94.11155469667612,0
26.977897716624604,94.29335825188392,0
28.024810025929444,95.09977865838006,0
25.245555551530664,91.31229800075059,0
26.96966134249121,92.85132170451698,0
26.55107742084011,93.42667495124809,0
23.38806564766692,93.08067469857319,0
25.458086065955314,91.01976932620173,0
27.090599204961947,93.87443246713298,0
28.72703778049049,95.34385251259707,0
24.824952174118593,93.80781752730078,0
23.68388873092592,91.61956472963841,0
27.033628788457307,95.86908990961282,0
27.908457218525594,95.3771315345192,0
28.005570664167053,94.35345221628526,0
25.994983255192814,90.17516081084196,0
28.023779781418433,95.64498797457772,0
26.1697501942854,91.61952402623925,0
28.208096020414747,93.44227607219003,0
28.356363261667322,93.96855429002888,0
28.983888695336397,95.59822285780835,0
28.28835346525492,96.14973505807521,0
23.812023827688467,92.02563636331988,0
28.74577177568193,96.22489895630368,0
27.980090490307667,92.9291566154044,0
22.966379457667625,92.79402448668324,0
26.534761357940873,91.79104736281892,0
25.173918206514664,93.54967834609528,0
26.540555706068712,90.43971019827126,0
23.557302930538594,92.93447534642958,0
27.931548146501264,96.95312845491982,0
24.474180846678518,92.52870097998232,0
24.39192286357625,94.14733054315934,0
22.66193904448225,92.63173399291806,0
24.141602136285265,93.30462765501984,0
26.754071063285863,92.1010035732891,0
26.79961610013691,95.35925351407838,0
25.01458726425685,94.66238845259328,0
28.147588967754544,95.05702730718308,0
28.197371093980017,93.06100586378338,0
25.294356227250688,90.83874999501856,0
26.675227878197788,95.16232455744137,0
25.004618491917622,93.26996365205324,0
27.690790335818107,92.14177949691769,0
26.290808965813145,93.66285447155042,0
28.474234270212257,94.66900213303299,0
25.399446875262658,92.93994074401759,0
27.652103326229806,88.47084794024845,0
26.67284228898586,90.43924835426088,0
25.76824331513358,93.63152449155025,0
27.563461258782226,94.76881500609704,0
23.69078504903222,93.06248709227918,0
25.113556266297568,92.49432637331884,0
28.278450752274765,96.493301675724,0
25.315358012496063,90.07898092966761,0
25.413628395905043,92.03586074996541,0
25.28527684203203,90.95624734131006,0
25.721322053630693,91.15479202354258,0
25.29753607107568,92.33374647863705,0
23.746454067816124,91.67192604904184,0
25.100104752266652,92.48062046034464,0
24.258962717468187,92.19702843339806,0
24.326430026459093,92.44174691074608,0
27.876222372125874,94.06019216098692,0
27.497733004032685,95.49808924199174,0
25.74995987008091,90.28886965632337,0
27.964454974650046,94.1668356457345,0
27.485598830807763,88.67170852826095,0
27.476189726130272,95.67316485240424,0
26.342050690989506,95.09532858180236,0
26.439434318202498,93.34901234319807,0
27.476084318662828,95.84815887441009,0
27.43520328498466,92.43421974726637,0
26.77796551186024,94.10305909299433,0
25.786694532966845,94.30065650197811,0
24.052291921309383,92.35125472998752,0
26.331785823915713,91.77158948944935,0
26.838641666749137,95.36332935038057,0
27.269660077886385,88.16110078058466,0
27.346117830428163,94.60574212076747,0
28.248074085008348,94.40857024362212,0
26.629746734452972,91.98249754223092,0
28.692219462009326,96.22618500077616,0
27.83351055075694,92.53261519258218,0
23.63833829165692,91.3716295018159,0
27.072397047880497,95.10771724583779,0
28.981767981984365,95.3054858373561,0
28.01142385384776,88.55651684517052,0
26.285019668656183,90.86625447488348,0
28.609444117157373,95.47312511529942,0
28.258063290600415,97.1590940780772,0
27.700590380881202,94.89674473570975,0
24.724440479898547,92.36772458083772,0
28.270713464333696,97.20678891489243,0
28.314420754529927,95.91272568413437,0
26.76499925515115,91.41951984019988,0
28.66596840792654,93.80909607899459,0
26.560279949990253,90.86146594379736,0
29.005057426702884,96.07507774467976,0
26.440164535667282,91.22022835508118,0
26.762012841404832,94.49893399584738,0
27.61273313520508,95.9107113675079,0
27.225635525801025,92.96114303881863,0
28.143094698519988,96.70837529584455,0
27.82653317689109,95.86799449219467,0
26.218373226500102,91.59827412359915,0
23.038901822179817,92.98597774109295,0
26.692102349250433,92.68037765526326,0
27.957988348551627,94.6718540417235,0
27.55252525256362,88.11691558648747,0
27.958154025718663,93.96621196156289,0
26.088833285547533,92.2977354963474,0
27.998857896715414,93.2437683737943,0
26.7755808800894,94.65381088422508,0
24.201092446141967,92.4974125607113,0
27.15240837254052,93.71836464340362,0
26.338358017058226,91.11906743509931,0
24.89126834433307,94.47814919957747,0
24.867081486526967,93.90654281488412,0
23.59993553220787,93.26598090162372,0
28.920155682136826,95.94026366086565,0
23.396525957267855,91.60515557481455,0
26.373715174120747,94.26756255769901,0
27.61205537088989,93.79743731087721,0
27.436031471269885,96.06709570344161,0
27.699591411101203,94.87336620625126,0
26.22632858050544,90.90809768744543,0
26.373712338776066,95.09552864647536,0
26.160525337622524,93.54480043496996,0
27.43510908828418,92.65081339752939,0
25.78226303568552,92.8730747699004,0
28.07134011090171,92.98261609577804,0
27.736664681333338,95.85911125957601,0
24.706261880721513,94.24992397214324,0
26.925409847886424,94.25008276886001,0
28.7602671347868,94.75164324098672,0
28.72141036624578,95.15805117013765,0
25.22727772032119,92.8061934629022,0
24.52028232808961,93.04331817731622,0
26.750137726484365,92.73501806394994,0
26.536953132283294,91.7652758945255,0
24.378040564093578,93.19829761589659,0
25.549690672802235,90.53923104334429,0
26.266243380066555,91.15893450822848,0
27.208327152950424,92.60494176952747,0
25.98483146828505,92.3117323170833,0
25.65046084419557,90.42991278929266,0
27.716197361371822,95.33208494203261,0
26.54120899552573,92.15423300253586,0
26.446942630323164,90.24576528221414,0
27.378453923683896,96.59989058722894,0
24.581350272767395,92.75320799916837,0
24.403126270054916,92.48137425103003,0
24.05304609703088,93.10228160515614,0
24.81170317233239,93.21365011446392,0
26.212690169921608,92.89969847656334,0
26.709721839671353,92.77044829401197,0
28.369665244279023,96.19521666975385,0
25.241155346234237,90.28739060703369,0
27.919828734218214,92.9662876309609,0
23.905917184077527,91.9307742878428,0
23.100843517716708,91.70630888253847,0
26.568881136209136,92.12432726881441,0
27.212051902000027,92.67288788451931,0
27.139493118215615,94.69235595476738,0
25.284910308120295,93.90214700394966,0
27.0787321311269,95.56117449425264,0
27.37867338415623,96.00085579542028,0
26.824413634950993,94.18248901494856,0
27.00932255897395,92.28009705822491,0
25.535109311417788,92.82541997890252,0
24.11180098189375,91.72955700916268,0
25.29517221705638,93.74208342465812,0
28.203066327725004,95.82598719325969,0
27.819855209149736,93.300880810546,0
25.739662901155906,92.29980141078882,0
26.249273645532405,94.47985718319472,0
27.65938291039823,92.87571990668299,0
26.787422431648796,94.2445730012806,0
25.521383724662346,92.14835843656157,0
25.209091173005145,91.57737496561757,0
25.56307773241266,91.41201386003144,0
24.220332217344858,93.77260462609,0
26.82166070274749,94.67135354839,0
26.746438257963938,90.88814877754703,0
25.482865271548814,92.64333809210072,0
27.403276494336275,95.81544836220928,0
29.06413132678125,94.53570769999303,0
27.7086459774999,93.78956788298233,0
28.101102841988506,94.20978738954149,0
